Sample_index,Train_in_Test_Prob
0,0.06
1,0.02
2,0.02
3,0.04
4,0.03
5,0.06
6,0.0
7,0.11
8,0.06
9,0.03
10,0.11
11,0.01
12,0.13
13,0.08
14,0.06
15,0.03
16,0.01
17,0.03
18,0.03
19,0.03
20,0.01
21,0.07
22,0.01
23,0.01
24,0.08
25,0.09
26,0.03
27,0.06
28,0.02
29,0.04
30,0.05
31,0.09
32,0.04
33,0.08
34,0.01
35,0.01
36,0.01
37,0.01
38,0.1
39,0.03
40,0.06
41,0.07
42,0.09
43,0.05
44,0.06
45,0.04
46,0.02
47,0.0
48,0.02
49,0.02
50,0.03
51,0.01
52,0.01
53,0.04
54,0.02
55,0.03
56,0.04
57,0.1
58,0.0
59,0.07
60,0.0
61,0.0
62,0.02
63,0.0
64,0.02
65,0.05
66,0.01
67,0.04
68,0.03
69,0.04
70,0.14
71,0.06
72,0.02
73,0.08
74,0.0
75,0.05
76,0.01
77,0.1
78,0.0
79,0.0
80,0.1
81,0.1
82,0.07
83,0.11
84,0.06
85,0.05
86,0.07
87,0.04
88,0.11
89,0.03
90,0.0
91,0.02
92,0.03
93,0.0
94,0.12
95,0.0
96,0.01
97,0.0
98,0.07
99,0.04
100,0.12
101,0.06
102,0.01
103,0.04
104,0.13
105,0.09
106,0.03
107,0.01
108,0.07
109,0.0
110,0.0
111,0.05
112,0.01
113,0.0
114,0.02
115,0.0
116,0.03
117,0.08
118,0.04
119,0.01
120,0.15
121,0.03
122,0.02
123,0.04
124,0.01
125,0.0
126,0.0
127,0.01
128,0.15
129,0.0
130,0.08
131,0.05
132,0.01
133,0.1
134,0.08
135,0.07
136,0.07
137,0.06
138,0.03
139,0.02
140,0.01
141,0.11
142,0.01
143,0.09
144,0.04
145,0.02
146,0.07
147,0.05
148,0.11
149,0.08
150,0.09
151,0.04
152,0.09
153,0.05
154,0.01
155,0.07
156,0.03
157,0.04
158,0.06
159,0.0
160,0.01
161,0.05
162,0.04
163,0.0
164,0.06
165,0.07
166,0.08
167,0.05
168,0.1
169,0.05
170,0.06
171,0.03
172,0.0
173,0.07
174,0.06
175,0.01
176,0.06
177,0.09
178,0.05
179,0.02
180,0.16
181,0.07
182,0.02
183,0.03
184,0.03
185,0.08
186,0.01
187,0.0
188,0.06
189,0.0
190,0.01
191,0.02
192,0.03
193,0.07
194,0.01
195,0.11
196,0.08
197,0.01
198,0.03
199,0.09
200,0.02
201,0.03
202,0.06
203,0.0
204,0.05
205,0.05
206,0.0
207,0.04
208,0.01
209,0.07
210,0.0
211,0.01
212,0.0
213,0.02
214,0.04
215,0.01
216,0.03
217,0.02
218,0.04
219,0.16
220,0.12
221,0.07
222,0.01
223,0.04
224,0.1
225,0.07
226,0.13
227,0.08
228,0.07
229,0.04
230,0.0
231,0.04
232,0.1
233,0.01
234,0.0
235,0.04
236,0.11
237,0.04
238,0.03
239,0.04
240,0.04
241,0.04
242,0.01
243,0.1
244,0.01
245,0.02
246,0.08
247,0.05
248,0.02
249,0.06
250,0.0
251,0.02
252,0.12
253,0.07
254,0.0
255,0.04
256,0.08
257,0.06
258,0.03
259,0.02
260,0.04
261,0.03
262,0.12
263,0.09
264,0.07
265,0.06
266,0.06
267,0.09
268,0.07
269,0.03
270,0.16
271,0.09
272,0.0
273,0.09
274,0.01
275,0.01
276,0.06
277,0.0
278,0.03
279,0.0
280,0.07
281,0.0
282,0.13
283,0.02
284,0.06
285,0.06
286,0.1
287,0.12
288,0.0
289,0.01
290,0.02
291,0.0
292,0.0
293,0.09
294,0.07
295,0.04
296,0.01
297,0.15
298,0.02
299,0.05
300,0.13
301,0.07
302,0.04
303,0.07
304,0.04
305,0.0
306,0.05
307,0.08
308,0.01
309,0.04
310,0.07
311,0.07
312,0.06
313,0.09
314,0.02
315,0.0
316,0.13
317,0.0
318,0.07
319,0.06
320,0.05
321,0.0
322,0.04
323,0.01
324,0.01
325,0.09
326,0.0
327,0.0
328,0.14
329,0.08
330,0.16
331,0.06
332,0.06
333,0.07
334,0.06
335,0.07
336,0.02
337,0.0
338,0.11
339,0.07
340,0.13
341,0.03
342,0.02
343,0.03
344,0.08
345,0.05
346,0.0
347,0.09
348,0.03
349,0.06
350,0.05
351,0.11
352,0.09
353,0.06
354,0.06
355,0.04
356,0.01
357,0.08
358,0.05
359,0.03
360,0.09
361,0.02
362,0.01
363,0.08
364,0.04
365,0.08
366,0.1
367,0.03
368,0.01
369,0.01
370,0.0
371,0.09
372,0.0
373,0.08
374,0.0
375,0.09
376,0.0
377,0.03
378,0.06
379,0.05
380,0.02
381,0.07
382,0.09
383,0.01
384,0.03
385,0.02
386,0.0
387,0.06
388,0.03
389,0.15
390,0.03
391,0.02
392,0.03
393,0.0
394,0.01
395,0.07
396,0.02
397,0.01
398,0.09
399,0.12
400,0.03
401,0.03
402,0.02
403,0.03
404,0.09
405,0.03
406,0.09
407,0.0
408,0.01
409,0.02
410,0.05
411,0.01
412,0.04
413,0.03
414,0.04
415,0.08
416,0.0
417,0.09
418,0.02
419,0.07
420,0.02
421,0.02
422,0.04
423,0.06
424,0.03
425,0.04
426,0.04
427,0.01
428,0.02
429,0.08
430,0.01
431,0.09
432,0.01
433,0.13
434,0.0
435,0.06
436,0.04
437,0.0
438,0.03
439,0.04
440,0.02
441,0.12
442,0.03
443,0.06
444,0.1
445,0.01
446,0.04
447,0.08
448,0.03
449,0.08
450,0.07
451,0.02
452,0.14
453,0.04
454,0.0
455,0.0
456,0.03
457,0.04
458,0.07
459,0.13
460,0.05
461,0.11
462,0.01
463,0.11
464,0.05
465,0.05
466,0.02
467,0.05
468,0.11
469,0.08
470,0.08
471,0.13
472,0.13
473,0.04
474,0.02
475,0.03
476,0.01
477,0.11
478,0.05
479,0.0
480,0.02
481,0.08
482,0.0
483,0.0
484,0.0
485,0.05
486,0.08
487,0.02
488,0.0
489,0.0
490,0.03
491,0.07
492,0.01
493,0.02
494,0.01
495,0.03
496,0.02
497,0.06
498,0.03
499,0.04
500,0.05
501,0.04
502,0.06
503,0.08
504,0.07
505,0.05
506,0.1
507,0.07
508,0.03
509,0.03
510,0.03
511,0.06
512,0.0
513,0.08
514,0.02
515,0.09
516,0.06
517,0.06
518,0.02
519,0.01
520,0.04
521,0.0
522,0.0
523,0.12
524,0.02
525,0.01
526,0.1
527,0.0
528,0.09
529,0.0
530,0.02
531,0.1
532,0.0
533,0.07
534,0.03
535,0.0
536,0.05
537,0.07
538,0.03
539,0.07
540,0.13
541,0.0
542,0.05
543,0.08
544,0.0
545,0.11
546,0.06
547,0.09
548,0.02
549,0.01
550,0.04
551,0.01
552,0.01
553,0.08
554,0.07
555,0.0
556,0.1
557,0.1
558,0.0
559,0.01
560,0.13
561,0.11
562,0.02
563,0.0
564,0.1
565,0.03
566,0.02
567,0.01
568,0.06
569,0.05
570,0.01
571,0.0
572,0.1
573,0.08
574,0.02
575,0.1
576,0.0
577,0.01
578,0.02
579,0.06
580,0.01
581,0.09
582,0.03
583,0.01
584,0.05
585,0.14
586,0.08
587,0.01
588,0.09
589,0.0
590,0.03
591,0.02
592,0.01
593,0.11
594,0.02
595,0.04
596,0.04
597,0.05
598,0.0
599,0.0
600,0.0
601,0.02
602,0.03
603,0.0
604,0.04
605,0.12
606,0.05
607,0.03
608,0.1
609,0.06
610,0.0
611,0.04
612,0.03
613,0.1
614,0.05
615,0.03
616,0.03
617,0.0
618,0.01
619,0.06
620,0.08
621,0.01
622,0.01
623,0.11
624,0.1
625,0.07
626,0.09
627,0.03
628,0.05
629,0.0
630,0.1
631,0.04
632,0.01
633,0.04
634,0.04
635,0.02
636,0.13
637,0.01
638,0.09
639,0.04
640,0.0
641,0.04
642,0.07
643,0.13
644,0.02
645,0.03
646,0.11
647,0.02
648,0.02
649,0.0
650,0.0
651,0.08
652,0.07
653,0.05
654,0.02
655,0.01
656,0.05
657,0.0
658,0.01
659,0.08
660,0.03
661,0.01
662,0.06
663,0.04
664,0.04
665,0.0
666,0.03
667,0.11
668,0.0
669,0.06
670,0.07
671,0.02
672,0.0
673,0.05
674,0.07
675,0.0
676,0.04
677,0.15
678,0.11
679,0.03
680,0.09
681,0.01
682,0.08
683,0.03
684,0.1
685,0.01
686,0.05
687,0.09
688,0.02
689,0.04
690,0.04
691,0.07
692,0.04
693,0.14
694,0.04
695,0.04
696,0.13
697,0.04
698,0.12
699,0.01
700,0.03
701,0.0
702,0.09
703,0.01
704,0.01
705,0.05
706,0.05
707,0.02
708,0.08
709,0.12
710,0.02
711,0.03
712,0.08
713,0.13
714,0.07
715,0.03
716,0.11
717,0.02
718,0.1
719,0.01
720,0.04
721,0.03
722,0.07
723,0.1
724,0.04
725,0.13
726,0.08
727,0.11
728,0.08
729,0.02
730,0.03
731,0.04
732,0.12
733,0.02
734,0.06
735,0.0
736,0.06
737,0.03
738,0.01
739,0.11
740,0.0
741,0.01
742,0.08
743,0.04
744,0.03
745,0.0
746,0.03
747,0.0
748,0.02
749,0.08
750,0.08
751,0.04
752,0.1
753,0.04
754,0.03
755,0.01
756,0.03
757,0.05
758,0.04
759,0.0
760,0.06
761,0.03
762,0.04
763,0.02
764,0.0
765,0.0
766,0.02
767,0.04
768,0.09
769,0.03
770,0.09
771,0.07
772,0.09
773,0.06
774,0.04
775,0.04
776,0.04
777,0.09
778,0.04
779,0.01
780,0.1
781,0.07
782,0.01
783,0.0
784,0.07
785,0.08
786,0.02
787,0.01
788,0.02
789,0.05
790,0.01
791,0.03
792,0.07
793,0.02
794,0.07
795,0.05
796,0.02
797,0.02
798,0.0
799,0.18
800,0.08
801,0.0
802,0.01
803,0.12
804,0.09
805,0.09
806,0.02
807,0.05
808,0.06
809,0.1
810,0.1
811,0.0
812,0.01
813,0.06
814,0.01
815,0.01
816,0.0
817,0.03
818,0.04
819,0.07
820,0.07
821,0.05
822,0.01
823,0.01
824,0.02
825,0.05
826,0.07
827,0.02
828,0.05
829,0.06
830,0.05
831,0.04
832,0.09
833,0.04
834,0.08
835,0.08
836,0.04
837,0.02
838,0.07
839,0.0
840,0.01
841,0.03
842,0.0
843,0.16
844,0.02
845,0.02
846,0.1
847,0.0
848,0.03
849,0.1
850,0.0
851,0.03
852,0.03
853,0.02
854,0.02
855,0.12
856,0.05
857,0.09
858,0.07
859,0.07
860,0.0
861,0.07
862,0.07
863,0.02
864,0.06
865,0.07
866,0.0
867,0.0
868,0.07
869,0.01
870,0.04
871,0.04
872,0.09
873,0.1
874,0.12
875,0.01
876,0.02
877,0.06
878,0.01
879,0.0
880,0.09
881,0.12
882,0.06
883,0.1
884,0.0
885,0.09
886,0.0
887,0.1
888,0.07
889,0.06
890,0.04
891,0.0
892,0.0
893,0.05
894,0.09
895,0.05
896,0.01
897,0.03
898,0.01
899,0.03
900,0.0
901,0.06
902,0.03
903,0.04
904,0.0
905,0.0
906,0.08
907,0.03
908,0.09
909,0.1
910,0.0
911,0.04
912,0.01
913,0.02
914,0.02
915,0.04
916,0.02
917,0.04
918,0.07
919,0.03
920,0.01
921,0.07
922,0.09
923,0.14
924,0.09
925,0.01
926,0.06
927,0.01
928,0.02
929,0.02
930,0.0
931,0.01
932,0.08
933,0.1
934,0.13
935,0.03
936,0.06
937,0.0
938,0.06
939,0.04
940,0.0
941,0.05
942,0.02
943,0.05
944,0.09
945,0.0
946,0.09
947,0.03
948,0.0
949,0.01
950,0.05
951,0.08
952,0.02
953,0.07
954,0.05
955,0.07
956,0.01
957,0.03
958,0.05
959,0.05
960,0.01
961,0.0
962,0.1
963,0.02
964,0.01
965,0.02
966,0.05
967,0.01
968,0.01
969,0.09
970,0.08
971,0.05
972,0.02
973,0.03
974,0.06
975,0.02
976,0.1
977,0.13
978,0.04
979,0.0
980,0.08
981,0.09
982,0.19
983,0.06
984,0.05
985,0.09
986,0.01
987,0.04
988,0.03
989,0.03
990,0.05
991,0.02
992,0.06
993,0.07
994,0.02
995,0.0
996,0.05
997,0.08
998,0.0
999,0.03
1000,0.03
1001,0.06
1002,0.05
1003,0.01
1004,0.09
1005,0.07
1006,0.01
1007,0.0
1008,0.05
1009,0.05
1010,0.08
1011,0.03
1012,0.0
1013,0.02
1014,0.09
1015,0.01
1016,0.0
1017,0.08
1018,0.04
1019,0.04
1020,0.01
1021,0.03
1022,0.06
1023,0.0
1024,0.09
1025,0.05
1026,0.01
1027,0.08
1028,0.04
1029,0.01
1030,0.07
1031,0.0
1032,0.09
1033,0.1
1034,0.0
1035,0.1
1036,0.03
1037,0.01
1038,0.08
1039,0.09
1040,0.06
1041,0.02
1042,0.1
1043,0.08
1044,0.01
1045,0.0
1046,0.07
1047,0.09
1048,0.1
1049,0.0
1050,0.13
1051,0.07
1052,0.02
1053,0.04
1054,0.05
1055,0.08
1056,0.0
1057,0.02
1058,0.05
1059,0.02
1060,0.04
1061,0.0
1062,0.04
1063,0.06
1064,0.0
1065,0.01
1066,0.02
1067,0.01
1068,0.05
1069,0.11
1070,0.08
1071,0.07
1072,0.06
1073,0.03
1074,0.02
1075,0.1
1076,0.02
1077,0.07
1078,0.1
1079,0.04
1080,0.03
1081,0.02
1082,0.04
1083,0.04
1084,0.08
1085,0.02
1086,0.02
1087,0.06
1088,0.01
1089,0.1
1090,0.0
1091,0.02
1092,0.07
1093,0.01
1094,0.03
1095,0.03
1096,0.04
1097,0.03
1098,0.08
1099,0.01
1100,0.0
1101,0.07
1102,0.03
1103,0.03
1104,0.0
1105,0.08
1106,0.07
1107,0.03
1108,0.1
1109,0.06
1110,0.01
1111,0.02
1112,0.07
1113,0.1
1114,0.09
1115,0.05
1116,0.09
1117,0.02
1118,0.03
1119,0.0
1120,0.01
1121,0.06
1122,0.03
1123,0.05
1124,0.13
1125,0.08
1126,0.01
1127,0.04
1128,0.01
1129,0.09
1130,0.06
1131,0.0
1132,0.0
1133,0.02
1134,0.03
1135,0.03
1136,0.01
1137,0.0
1138,0.03
1139,0.1
1140,0.03
1141,0.13
1142,0.02
1143,0.09
1144,0.08
1145,0.1
1146,0.09
1147,0.09
1148,0.12
1149,0.09
1150,0.04
1151,0.0
1152,0.06
1153,0.02
1154,0.1
1155,0.1
1156,0.01
1157,0.05
1158,0.05
1159,0.0
1160,0.01
1161,0.1
1162,0.15
1163,0.0
1164,0.05
1165,0.05
1166,0.03
1167,0.05
1168,0.1
1169,0.07
1170,0.06
1171,0.01
1172,0.01
1173,0.02
1174,0.05
1175,0.06
1176,0.02
1177,0.05
1178,0.13
1179,0.06
1180,0.08
1181,0.05
1182,0.04
1183,0.1
1184,0.09
1185,0.04
1186,0.01
1187,0.01
1188,0.04
1189,0.03
1190,0.0
1191,0.01
1192,0.07
1193,0.04
1194,0.01
1195,0.05
1196,0.02
1197,0.02
1198,0.05
1199,0.0
1200,0.0
1201,0.0
1202,0.01
1203,0.01
1204,0.01
1205,0.07
1206,0.06
1207,0.01
1208,0.07
1209,0.12
1210,0.03
1211,0.01
1212,0.01
1213,0.06
1214,0.02
1215,0.0
1216,0.03
1217,0.07
1218,0.1
1219,0.03
1220,0.08
1221,0.02
1222,0.02
1223,0.02
1224,0.05
1225,0.01
1226,0.02
1227,0.03
1228,0.06
1229,0.07
1230,0.02
1231,0.02
1232,0.09
1233,0.02
1234,0.03
1235,0.1
1236,0.08
1237,0.04
1238,0.04
1239,0.03
1240,0.05
1241,0.07
1242,0.0
1243,0.05
1244,0.11
1245,0.01
1246,0.14
1247,0.06
1248,0.07
1249,0.02
1250,0.02
1251,0.01
1252,0.0
1253,0.06
1254,0.09
1255,0.01
1256,0.13
1257,0.0
1258,0.01
1259,0.0
1260,0.0
1261,0.07
1262,0.07
1263,0.06
1264,0.01
1265,0.02
1266,0.07
1267,0.05
1268,0.07
1269,0.01
1270,0.02
1271,0.07
1272,0.01
1273,0.03
1274,0.07
1275,0.03
1276,0.1
1277,0.0
1278,0.11
1279,0.04
1280,0.04
1281,0.06
1282,0.01
1283,0.1
1284,0.0
1285,0.09
1286,0.07
1287,0.12
1288,0.01
1289,0.02
1290,0.04
1291,0.05
1292,0.0
1293,0.06
1294,0.15
1295,0.07
1296,0.06
1297,0.0
1298,0.05
1299,0.05
1300,0.05
1301,0.04
1302,0.05
1303,0.03
1304,0.03
1305,0.05
1306,0.09
1307,0.05
1308,0.04
1309,0.04
1310,0.03
1311,0.03
1312,0.14
1313,0.0
1314,0.11
1315,0.13
1316,0.03
1317,0.04
1318,0.05
1319,0.1
1320,0.05
1321,0.03
1322,0.05
1323,0.01
1324,0.01
1325,0.04
1326,0.05
1327,0.07
1328,0.03
1329,0.07
1330,0.12
1331,0.04
1332,0.03
1333,0.16
1334,0.0
1335,0.07
1336,0.05
1337,0.01
1338,0.01
1339,0.06
1340,0.13
1341,0.0
1342,0.01
1343,0.08
1344,0.06
1345,0.05
1346,0.07
1347,0.04
1348,0.09
1349,0.02
1350,0.02
1351,0.01
1352,0.0
1353,0.04
1354,0.0
1355,0.07
1356,0.04
1357,0.02
1358,0.01
1359,0.02
1360,0.06
1361,0.13
1362,0.03
1363,0.02
1364,0.05
1365,0.01
1366,0.0
1367,0.08
1368,0.08
1369,0.03
1370,0.06
1371,0.01
1372,0.0
1373,0.12
1374,0.1
1375,0.07
1376,0.07
1377,0.08
1378,0.05
1379,0.16
1380,0.09
1381,0.01
1382,0.11
1383,0.04
1384,0.06
1385,0.04
1386,0.0
1387,0.08
1388,0.0
1389,0.06
1390,0.19
1391,0.05
1392,0.01
1393,0.0
1394,0.02
1395,0.09
1396,0.08
1397,0.01
1398,0.04
1399,0.12
1400,0.0
1401,0.02
1402,0.0
1403,0.11
1404,0.0
1405,0.12
1406,0.03
1407,0.01
1408,0.03
1409,0.01
1410,0.07
1411,0.0
1412,0.02
1413,0.04
1414,0.03
1415,0.1
1416,0.09
1417,0.0
1418,0.05
1419,0.01
1420,0.01
1421,0.0
1422,0.08
1423,0.02
1424,0.08
1425,0.03
1426,0.08
1427,0.05
1428,0.0
1429,0.11
1430,0.06
1431,0.08
1432,0.0
1433,0.09
1434,0.01
1435,0.03
1436,0.0
1437,0.03
1438,0.05
1439,0.06
1440,0.04
1441,0.02
1442,0.1
1443,0.07
1444,0.03
1445,0.04
1446,0.0
1447,0.03
1448,0.03
1449,0.04
1450,0.08
1451,0.03
1452,0.07
1453,0.07
1454,0.02
1455,0.04
1456,0.09
1457,0.05
1458,0.1
1459,0.0
1460,0.01
1461,0.02
1462,0.01
1463,0.07
1464,0.0
1465,0.02
1466,0.07
1467,0.01
1468,0.0
1469,0.01
1470,0.02
1471,0.05
1472,0.06
1473,0.14
1474,0.03
1475,0.01
1476,0.0
1477,0.01
1478,0.2
1479,0.01
1480,0.2
1481,0.01
1482,0.13
1483,0.01
1484,0.15
1485,0.03
1486,0.09
1487,0.01
1488,0.11
1489,0.02
1490,0.01
1491,0.07
1492,0.11
1493,0.01
1494,0.05
1495,0.05
1496,0.0
1497,0.13
1498,0.02
1499,0.03
1500,0.03
1501,0.0
1502,0.05
1503,0.07
1504,0.04
1505,0.07
1506,0.01
1507,0.0
1508,0.02
1509,0.09
1510,0.02
1511,0.06
1512,0.02
1513,0.0
1514,0.08
1515,0.05
1516,0.01
1517,0.1
1518,0.1
1519,0.0
1520,0.02
1521,0.03
1522,0.0
1523,0.04
1524,0.08
1525,0.04
1526,0.01
1527,0.09
1528,0.13
1529,0.02
1530,0.0
1531,0.14
1532,0.01
1533,0.06
1534,0.06
1535,0.01
1536,0.05
1537,0.01
1538,0.0
1539,0.02
1540,0.06
1541,0.06
1542,0.14
1543,0.08
1544,0.02
1545,0.09
1546,0.15
1547,0.07
1548,0.0
1549,0.11
1550,0.07
1551,0.02
1552,0.02
1553,0.03
1554,0.09
1555,0.07
1556,0.0
1557,0.01
1558,0.11
1559,0.0
1560,0.06
1561,0.06
1562,0.01
1563,0.01
1564,0.08
1565,0.02
1566,0.11
1567,0.04
1568,0.0
1569,0.04
1570,0.0
1571,0.02
1572,0.01
1573,0.13
1574,0.02
1575,0.06
1576,0.08
1577,0.06
1578,0.08
1579,0.08
1580,0.0
1581,0.0
1582,0.18
1583,0.03
1584,0.02
1585,0.01
1586,0.06
1587,0.06
1588,0.0
1589,0.0
1590,0.0
1591,0.12
1592,0.04
1593,0.0
1594,0.03
1595,0.06
1596,0.07
1597,0.01
1598,0.13
1599,0.04
1600,0.07
1601,0.12
1602,0.03
1603,0.01
1604,0.02
1605,0.07
1606,0.08
1607,0.11
1608,0.1
1609,0.04
1610,0.04
1611,0.02
1612,0.04
1613,0.03
1614,0.08
1615,0.05
1616,0.0
1617,0.08
1618,0.0
1619,0.06
1620,0.05
1621,0.03
1622,0.01
1623,0.05
1624,0.0
1625,0.07
1626,0.07
1627,0.04
1628,0.14
1629,0.04
1630,0.07
1631,0.0
1632,0.04
1633,0.01
1634,0.09
1635,0.03
1636,0.04
1637,0.05
1638,0.06
1639,0.02
1640,0.01
1641,0.01
1642,0.03
1643,0.03
1644,0.0
1645,0.01
1646,0.11
1647,0.03
1648,0.05
1649,0.04
1650,0.0
1651,0.12
1652,0.07
1653,0.12
1654,0.07
1655,0.03
1656,0.07
1657,0.11
1658,0.02
1659,0.03
1660,0.1
1661,0.0
1662,0.13
1663,0.04
1664,0.06
1665,0.02
1666,0.07
1667,0.02
1668,0.0
1669,0.04
1670,0.05
1671,0.03
1672,0.06
1673,0.09
1674,0.06
1675,0.09
1676,0.01
1677,0.06
1678,0.0
1679,0.07
1680,0.05
1681,0.04
1682,0.06
1683,0.03
1684,0.05
1685,0.0
1686,0.0
1687,0.01
1688,0.06
1689,0.1
1690,0.0
1691,0.09
1692,0.05
1693,0.05
1694,0.01
1695,0.0
1696,0.0
1697,0.0
1698,0.01
1699,0.02
1700,0.07
1701,0.02
1702,0.12
1703,0.08
1704,0.02
1705,0.01
1706,0.1
1707,0.07
1708,0.02
1709,0.01
1710,0.09
1711,0.13
1712,0.01
1713,0.01
1714,0.07
1715,0.0
1716,0.05
1717,0.04
1718,0.04
1719,0.05
1720,0.11
1721,0.0
1722,0.07
1723,0.06
1724,0.1
1725,0.02
1726,0.01
1727,0.07
1728,0.02
1729,0.08
1730,0.02
1731,0.02
1732,0.06
1733,0.03
1734,0.0
1735,0.08
1736,0.07
1737,0.04
1738,0.02
1739,0.0
1740,0.01
1741,0.06
1742,0.04
1743,0.01
1744,0.01
1745,0.05
1746,0.0
1747,0.05
1748,0.07
1749,0.0
1750,0.01
1751,0.02
1752,0.17
1753,0.06
1754,0.0
1755,0.05
1756,0.04
1757,0.08
1758,0.04
1759,0.11
1760,0.14
1761,0.04
1762,0.04
1763,0.02
1764,0.03
1765,0.01
1766,0.05
1767,0.04
1768,0.02
1769,0.01
1770,0.14
1771,0.08
1772,0.02
1773,0.08
1774,0.04
1775,0.03
1776,0.08
1777,0.03
1778,0.07
1779,0.07
1780,0.0
1781,0.04
1782,0.03
1783,0.06
1784,0.01
1785,0.0
1786,0.06
1787,0.01
1788,0.05
1789,0.09
1790,0.01
1791,0.02
1792,0.02
1793,0.06
1794,0.07
1795,0.02
1796,0.08
1797,0.04
1798,0.01
1799,0.1
1800,0.04
1801,0.08
1802,0.16
1803,0.06
1804,0.02
1805,0.04
1806,0.04
1807,0.06
1808,0.03
1809,0.05
1810,0.09
1811,0.0
1812,0.0
1813,0.08
1814,0.03
1815,0.09
1816,0.02
1817,0.03
1818,0.02
1819,0.09
1820,0.08
1821,0.01
1822,0.07
1823,0.02
1824,0.0
1825,0.0
1826,0.08
1827,0.11
1828,0.08
1829,0.09
1830,0.03
1831,0.0
1832,0.09
1833,0.05
1834,0.07
1835,0.01
1836,0.05
1837,0.04
1838,0.01
1839,0.03
1840,0.05
1841,0.06
1842,0.01
1843,0.01
1844,0.11
1845,0.04
1846,0.03
1847,0.01
1848,0.06
1849,0.03
1850,0.05
1851,0.1
1852,0.08
1853,0.02
1854,0.06
1855,0.0
1856,0.07
1857,0.07
1858,0.05
1859,0.01
1860,0.05
1861,0.08
1862,0.06
1863,0.0
1864,0.02
1865,0.1
1866,0.01
1867,0.0
1868,0.0
1869,0.04
1870,0.0
1871,0.06
1872,0.03
1873,0.06
1874,0.01
1875,0.07
1876,0.04
1877,0.04
1878,0.07
1879,0.01
1880,0.08
1881,0.04
1882,0.13
1883,0.03
1884,0.05
1885,0.07
1886,0.02
1887,0.03
1888,0.0
1889,0.02
1890,0.04
1891,0.01
1892,0.01
1893,0.03
1894,0.12
1895,0.04
1896,0.0
1897,0.11
1898,0.03
1899,0.07
1900,0.09
1901,0.05
1902,0.06
1903,0.01
1904,0.03
1905,0.08
1906,0.01
1907,0.06
1908,0.03
1909,0.01
1910,0.08
1911,0.05
1912,0.15
1913,0.11
1914,0.12
1915,0.0
1916,0.0
1917,0.01
1918,0.03
1919,0.02
1920,0.1
1921,0.1
1922,0.02
1923,0.01
1924,0.01
1925,0.01
1926,0.06
1927,0.06
1928,0.15
1929,0.02
1930,0.11
1931,0.09
1932,0.08
1933,0.02
1934,0.06
1935,0.11
1936,0.07
1937,0.05
1938,0.0
1939,0.06
1940,0.02
1941,0.1
1942,0.06
1943,0.04
1944,0.01
1945,0.03
1946,0.1
1947,0.03
1948,0.01
1949,0.0
1950,0.09
1951,0.08
1952,0.07
1953,0.1
1954,0.02
1955,0.0
1956,0.01
1957,0.05
1958,0.0
1959,0.0
1960,0.03
1961,0.02
1962,0.01
1963,0.03
1964,0.11
1965,0.02
1966,0.01
1967,0.03
1968,0.13
1969,0.03
1970,0.0
1971,0.03
1972,0.02
1973,0.03
1974,0.0
1975,0.13
1976,0.1
1977,0.03
1978,0.0
1979,0.0
1980,0.01
1981,0.08
1982,0.06
1983,0.0
1984,0.19
1985,0.05
1986,0.06
1987,0.07
1988,0.04
1989,0.02
1990,0.04
1991,0.14
1992,0.05
1993,0.01
1994,0.05
1995,0.06
1996,0.04
1997,0.07
1998,0.0
1999,0.05
2000,0.0
2001,0.0
2002,0.01
2003,0.05
2004,0.03
2005,0.07
2006,0.06
2007,0.04
2008,0.05
2009,0.03
2010,0.07
2011,0.11
2012,0.0
2013,0.1
2014,0.01
2015,0.01
2016,0.07
2017,0.0
2018,0.0
2019,0.1
2020,0.0
2021,0.05
2022,0.0
2023,0.07
2024,0.09
2025,0.0
2026,0.02
2027,0.09
2028,0.02
2029,0.01
2030,0.05
2031,0.0
2032,0.06
2033,0.01
2034,0.04
2035,0.03
2036,0.05
2037,0.07
2038,0.1
2039,0.04
2040,0.1
2041,0.03
2042,0.03
2043,0.1
2044,0.0
2045,0.03
2046,0.07
2047,0.07
2048,0.02
2049,0.08
2050,0.02
2051,0.16
2052,0.1
2053,0.11
2054,0.04
2055,0.05
2056,0.01
2057,0.11
2058,0.06
2059,0.07
2060,0.03
2061,0.12
2062,0.0
2063,0.04
2064,0.03
2065,0.01
2066,0.12
2067,0.02
2068,0.06
2069,0.04
2070,0.01
2071,0.02
2072,0.01
2073,0.0
2074,0.01
2075,0.05
2076,0.05
2077,0.03
2078,0.07
2079,0.0
2080,0.0
2081,0.04
2082,0.04
2083,0.09
2084,0.0
2085,0.12
2086,0.07
2087,0.04
2088,0.0
2089,0.11
2090,0.02
2091,0.03
2092,0.02
2093,0.0
2094,0.11
2095,0.02
2096,0.04
2097,0.02
2098,0.05
2099,0.11
2100,0.03
2101,0.08
2102,0.06
2103,0.05
2104,0.01
2105,0.08
2106,0.01
2107,0.06
2108,0.01
2109,0.04
2110,0.02
2111,0.02
2112,0.12
2113,0.01
2114,0.06
2115,0.09
2116,0.08
2117,0.04
2118,0.1
2119,0.02
2120,0.0
2121,0.03
2122,0.07
2123,0.08
2124,0.01
2125,0.02
2126,0.0
2127,0.0
2128,0.0
2129,0.03
2130,0.06
2131,0.0
2132,0.08
2133,0.01
2134,0.03
2135,0.06
2136,0.0
2137,0.0
2138,0.05
2139,0.06
2140,0.0
2141,0.04
2142,0.03
2143,0.07
2144,0.02
2145,0.0
2146,0.01
2147,0.09
2148,0.0
2149,0.04
2150,0.0
2151,0.07
2152,0.06
2153,0.02
2154,0.04
2155,0.06
2156,0.03
2157,0.0
2158,0.12
2159,0.02
2160,0.04
2161,0.0
2162,0.07
2163,0.09
2164,0.0
2165,0.01
2166,0.06
2167,0.07
2168,0.04
2169,0.0
2170,0.01
2171,0.04
2172,0.13
2173,0.02
2174,0.02
2175,0.06
2176,0.0
2177,0.01
2178,0.04
2179,0.06
2180,0.02
2181,0.05
2182,0.01
2183,0.07
2184,0.02
2185,0.13
2186,0.07
2187,0.08
2188,0.01
2189,0.0
2190,0.07
2191,0.0
2192,0.07
2193,0.05
2194,0.04
2195,0.08
2196,0.0
2197,0.0
2198,0.07
2199,0.05
2200,0.01
2201,0.1
2202,0.0
2203,0.06
2204,0.01
2205,0.04
2206,0.06
2207,0.08
2208,0.08
2209,0.01
2210,0.1
2211,0.08
2212,0.04
2213,0.08
2214,0.01
2215,0.11
2216,0.02
2217,0.06
2218,0.14
2219,0.0
2220,0.05
2221,0.0
2222,0.0
2223,0.0
2224,0.07
2225,0.01
2226,0.01
2227,0.02
2228,0.08
2229,0.07
2230,0.09
2231,0.02
2232,0.03
2233,0.03
2234,0.02
2235,0.11
2236,0.0
2237,0.01
2238,0.02
2239,0.11
2240,0.11
2241,0.0
2242,0.07
2243,0.1
2244,0.02
2245,0.0
2246,0.11
2247,0.07
2248,0.08
2249,0.11
2250,0.0
2251,0.08
2252,0.03
2253,0.07
2254,0.02
2255,0.0
2256,0.02
2257,0.05
2258,0.06
2259,0.07
2260,0.03
2261,0.01
2262,0.06
2263,0.05
2264,0.06
2265,0.08
2266,0.03
2267,0.2
2268,0.1
2269,0.08
2270,0.03
2271,0.06
2272,0.03
2273,0.07
2274,0.11
2275,0.0
2276,0.03
2277,0.04
2278,0.06
2279,0.01
2280,0.0
2281,0.07
2282,0.04
2283,0.01
2284,0.05
2285,0.0
2286,0.0
2287,0.0
2288,0.12
2289,0.07
2290,0.08
2291,0.05
2292,0.05
2293,0.12
2294,0.03
2295,0.02
2296,0.0
2297,0.02
2298,0.07
2299,0.03
2300,0.06
2301,0.15
2302,0.05
2303,0.06
2304,0.01
2305,0.09
2306,0.03
2307,0.05
2308,0.06
2309,0.1
2310,0.1
2311,0.01
2312,0.11
2313,0.0
2314,0.02
2315,0.01
2316,0.11
2317,0.09
2318,0.08
2319,0.12
2320,0.08
2321,0.0
2322,0.02
2323,0.01
2324,0.09
2325,0.0
2326,0.0
2327,0.02
2328,0.0
2329,0.04
2330,0.06
2331,0.01
2332,0.03
2333,0.04
2334,0.03
2335,0.03
2336,0.02
2337,0.01
2338,0.05
2339,0.07
2340,0.03
2341,0.01
2342,0.01
2343,0.12
2344,0.07
2345,0.07
2346,0.09
2347,0.0
2348,0.01
2349,0.05
2350,0.07
2351,0.0
2352,0.01
2353,0.01
2354,0.0
2355,0.05
2356,0.1
2357,0.13
2358,0.03
2359,0.08
2360,0.0
2361,0.01
2362,0.0
2363,0.06
2364,0.01
2365,0.02
2366,0.0
2367,0.12
2368,0.01
2369,0.07
2370,0.08
2371,0.03
2372,0.02
2373,0.0
2374,0.08
2375,0.07
2376,0.07
2377,0.0
2378,0.0
2379,0.0
2380,0.02
2381,0.04
2382,0.06
2383,0.05
2384,0.01
2385,0.02
2386,0.1
2387,0.0
2388,0.03
2389,0.0
2390,0.01
2391,0.04
2392,0.08
2393,0.06
2394,0.05
2395,0.02
2396,0.0
2397,0.0
2398,0.0
2399,0.0
2400,0.06
2401,0.06
2402,0.04
2403,0.04
2404,0.02
2405,0.02
2406,0.02
2407,0.03
2408,0.04
2409,0.0
2410,0.09
2411,0.02
2412,0.06
2413,0.11
2414,0.05
2415,0.01
2416,0.0
2417,0.14
2418,0.1
2419,0.02
2420,0.02
2421,0.01
2422,0.09
2423,0.09
2424,0.06
2425,0.03
2426,0.09
2427,0.01
2428,0.07
2429,0.07
2430,0.09
2431,0.13
2432,0.11
2433,0.15
2434,0.09
2435,0.03
2436,0.06
2437,0.01
2438,0.02
2439,0.02
2440,0.03
2441,0.04
2442,0.01
2443,0.04
2444,0.05
2445,0.02
2446,0.0
2447,0.06
2448,0.07
2449,0.02
2450,0.04
2451,0.09
2452,0.0
2453,0.01
2454,0.1
2455,0.08
2456,0.01
2457,0.1
2458,0.03
2459,0.09
2460,0.03
2461,0.08
2462,0.02
2463,0.09
2464,0.02
2465,0.01
2466,0.02
2467,0.01
2468,0.02
2469,0.02
2470,0.04
2471,0.0
2472,0.03
2473,0.03
2474,0.0
2475,0.05
2476,0.11
2477,0.0
2478,0.0
2479,0.07
2480,0.11
2481,0.05
2482,0.05
2483,0.1
2484,0.01
2485,0.01
2486,0.11
2487,0.03
2488,0.04
2489,0.09
2490,0.06
2491,0.01
2492,0.01
2493,0.04
2494,0.1
2495,0.02
2496,0.04
2497,0.02
2498,0.12
2499,0.09
2500,0.09
2501,0.02
2502,0.03
2503,0.02
2504,0.0
2505,0.0
2506,0.15
2507,0.07
2508,0.08
2509,0.01
2510,0.09
2511,0.08
2512,0.02
2513,0.02
2514,0.03
2515,0.02
2516,0.1
2517,0.08
2518,0.07
2519,0.01
2520,0.02
2521,0.1
2522,0.09
2523,0.0
2524,0.01
2525,0.03
2526,0.0
2527,0.04
2528,0.04
2529,0.02
2530,0.01
2531,0.07
2532,0.0
2533,0.09
2534,0.0
2535,0.01
2536,0.12
2537,0.01
2538,0.05
2539,0.08
2540,0.02
2541,0.1
2542,0.08
2543,0.1
2544,0.1
2545,0.07
2546,0.02
2547,0.01
2548,0.07
2549,0.03
2550,0.0
2551,0.01
2552,0.0
2553,0.01
2554,0.1
2555,0.1
2556,0.04
2557,0.05
2558,0.1
2559,0.01
2560,0.05
2561,0.02
2562,0.07
2563,0.03
2564,0.03
2565,0.06
2566,0.04
2567,0.02
2568,0.09
2569,0.02
2570,0.1
2571,0.1
2572,0.04
2573,0.0
2574,0.04
2575,0.13
2576,0.14
2577,0.07
2578,0.03
2579,0.01
2580,0.03
2581,0.03
2582,0.06
2583,0.0
2584,0.03
2585,0.06
2586,0.03
2587,0.07
2588,0.01
2589,0.05
2590,0.07
2591,0.05
2592,0.01
2593,0.03
2594,0.0
2595,0.09
2596,0.06
2597,0.01
2598,0.02
2599,0.0
2600,0.03
2601,0.09
2602,0.03
2603,0.07
2604,0.01
2605,0.11
2606,0.05
2607,0.0
2608,0.03
2609,0.06
2610,0.05
2611,0.0
2612,0.0
2613,0.02
2614,0.01
2615,0.09
2616,0.01
2617,0.12
2618,0.09
2619,0.03
2620,0.01
2621,0.03
2622,0.11
2623,0.08
2624,0.01
2625,0.01
2626,0.02
2627,0.08
2628,0.06
2629,0.01
2630,0.07
2631,0.09
2632,0.03
2633,0.1
2634,0.11
2635,0.11
2636,0.07
2637,0.0
2638,0.06
2639,0.06
2640,0.01
2641,0.04
2642,0.01
2643,0.08
2644,0.11
2645,0.04
2646,0.02
2647,0.06
2648,0.07
2649,0.0
2650,0.08
2651,0.01
2652,0.03
2653,0.07
2654,0.01
2655,0.0
2656,0.03
2657,0.01
2658,0.11
2659,0.03
2660,0.0
2661,0.02
2662,0.0
2663,0.04
2664,0.07
2665,0.03
2666,0.04
2667,0.02
2668,0.02
2669,0.03
2670,0.09
2671,0.0
2672,0.17
2673,0.0
2674,0.08
2675,0.11
2676,0.05
2677,0.01
2678,0.01
2679,0.05
2680,0.08
2681,0.08
2682,0.01
2683,0.0
2684,0.0
2685,0.06
2686,0.03
2687,0.07
2688,0.08
2689,0.07
2690,0.07
2691,0.03
2692,0.0
2693,0.06
2694,0.03
2695,0.03
2696,0.02
2697,0.06
2698,0.04
2699,0.01
2700,0.05
2701,0.12
2702,0.03
2703,0.14
2704,0.11
2705,0.0
2706,0.0
2707,0.01
2708,0.09
2709,0.02
2710,0.01
2711,0.0
2712,0.02
2713,0.13
2714,0.03
2715,0.08
2716,0.06
2717,0.07
2718,0.11
2719,0.04
2720,0.09
2721,0.0
2722,0.03
2723,0.04
2724,0.06
2725,0.04
2726,0.12
2727,0.09
2728,0.06
2729,0.04
2730,0.05
2731,0.11
2732,0.01
2733,0.09
2734,0.01
2735,0.03
2736,0.05
2737,0.01
2738,0.1
2739,0.11
2740,0.02
2741,0.1
2742,0.01
2743,0.01
2744,0.03
2745,0.1
2746,0.09
2747,0.12
2748,0.07
2749,0.04
2750,0.0
2751,0.01
2752,0.07
2753,0.0
2754,0.03
2755,0.03
2756,0.04
2757,0.13
2758,0.07
2759,0.12
2760,0.1
2761,0.03
2762,0.06
2763,0.01
2764,0.08
2765,0.03
2766,0.05
2767,0.07
2768,0.02
2769,0.01
2770,0.05
2771,0.09
2772,0.04
2773,0.07
2774,0.04
2775,0.0
2776,0.01
2777,0.07
2778,0.01
2779,0.07
2780,0.18
2781,0.03
2782,0.1
2783,0.01
2784,0.04
2785,0.1
2786,0.02
2787,0.09
2788,0.01
2789,0.01
2790,0.08
2791,0.05
2792,0.11
2793,0.1
2794,0.04
2795,0.03
2796,0.06
2797,0.15
2798,0.01
2799,0.05
2800,0.11
2801,0.1
2802,0.09
2803,0.07
2804,0.0
2805,0.02
2806,0.03
2807,0.05
2808,0.04
2809,0.08
2810,0.02
2811,0.06
2812,0.02
2813,0.07
2814,0.01
2815,0.01
2816,0.03
2817,0.02
2818,0.05
2819,0.0
2820,0.05
2821,0.07
2822,0.0
2823,0.06
2824,0.0
2825,0.06
2826,0.01
2827,0.03
2828,0.02
2829,0.12
2830,0.07
2831,0.0
2832,0.0
2833,0.06
2834,0.05
2835,0.08
2836,0.0
2837,0.08
2838,0.07
2839,0.07
2840,0.08
2841,0.01
2842,0.05
2843,0.08
2844,0.1
2845,0.02
2846,0.04
2847,0.05
2848,0.0
2849,0.04
2850,0.01
2851,0.1
2852,0.05
2853,0.05
2854,0.0
2855,0.09
2856,0.04
2857,0.01
2858,0.0
2859,0.06
2860,0.15
2861,0.04
2862,0.05
2863,0.02
2864,0.08
2865,0.01
2866,0.03
2867,0.0
2868,0.1
2869,0.02
2870,0.03
2871,0.0
2872,0.07
2873,0.06
2874,0.02
2875,0.12
2876,0.14
2877,0.18
2878,0.04
2879,0.0
2880,0.0
2881,0.0
2882,0.06
2883,0.01
2884,0.0
2885,0.07
2886,0.11
2887,0.02
2888,0.06
2889,0.01
2890,0.04
2891,0.04
2892,0.11
2893,0.11
2894,0.06
2895,0.08
2896,0.0
2897,0.04
2898,0.03
2899,0.05
2900,0.06
2901,0.07
2902,0.0
2903,0.01
2904,0.06
2905,0.04
2906,0.02
2907,0.09
2908,0.04
2909,0.01
2910,0.05
2911,0.1
2912,0.0
2913,0.03
2914,0.06
2915,0.13
2916,0.0
2917,0.06
2918,0.0
2919,0.02
2920,0.0
2921,0.02
2922,0.04
2923,0.0
2924,0.01
2925,0.02
2926,0.0
2927,0.04
2928,0.03
2929,0.03
2930,0.07
2931,0.0
2932,0.01
2933,0.01
2934,0.13
2935,0.03
2936,0.11
2937,0.06
2938,0.03
2939,0.0
2940,0.03
2941,0.1
2942,0.02
2943,0.09
2944,0.01
2945,0.0
2946,0.06
2947,0.06
2948,0.04
2949,0.06
2950,0.1
2951,0.0
2952,0.0
2953,0.06
2954,0.02
2955,0.05
2956,0.02
2957,0.01
2958,0.03
2959,0.01
2960,0.06
2961,0.0
2962,0.0
2963,0.0
2964,0.03
2965,0.09
2966,0.06
2967,0.1
2968,0.02
2969,0.06
2970,0.0
2971,0.08
2972,0.06
2973,0.0
2974,0.0
2975,0.06
2976,0.09
2977,0.07
2978,0.03
2979,0.11
2980,0.04
2981,0.02
2982,0.0
2983,0.1
2984,0.02
2985,0.09
2986,0.02
2987,0.06
2988,0.07
2989,0.03
2990,0.02
2991,0.03
2992,0.0
2993,0.04
2994,0.01
2995,0.05
2996,0.05
2997,0.11
2998,0.01
2999,0.02
3000,0.1
3001,0.02
3002,0.02
3003,0.0
3004,0.0
3005,0.1
3006,0.09
3007,0.0
3008,0.05
3009,0.06
3010,0.08
3011,0.11
3012,0.01
3013,0.05
3014,0.0
3015,0.08
3016,0.08
3017,0.03
3018,0.0
3019,0.03
3020,0.02
3021,0.05
3022,0.01
3023,0.02
3024,0.0
3025,0.0
3026,0.08
3027,0.04
3028,0.11
3029,0.01
3030,0.01
3031,0.01
3032,0.03
3033,0.09
3034,0.07
3035,0.02
3036,0.0
3037,0.08
3038,0.08
3039,0.04
3040,0.03
3041,0.09
3042,0.07
3043,0.01
3044,0.06
3045,0.16
3046,0.01
3047,0.08
3048,0.02
3049,0.06
3050,0.0
3051,0.09
3052,0.03
3053,0.1
3054,0.08
3055,0.0
3056,0.13
3057,0.05
3058,0.0
3059,0.02
3060,0.02
3061,0.07
3062,0.05
3063,0.0
3064,0.03
3065,0.03
3066,0.09
3067,0.0
3068,0.02
3069,0.01
3070,0.01
3071,0.01
3072,0.02
3073,0.02
3074,0.09
3075,0.01
3076,0.11
3077,0.02
3078,0.01
3079,0.0
3080,0.04
3081,0.03
3082,0.07
3083,0.02
3084,0.02
3085,0.0
3086,0.0
3087,0.08
3088,0.05
3089,0.0
3090,0.04
3091,0.03
3092,0.04
3093,0.0
3094,0.03
3095,0.02
3096,0.03
3097,0.02
3098,0.1
3099,0.01
3100,0.03
3101,0.04
3102,0.02
3103,0.02
3104,0.07
3105,0.05
3106,0.09
3107,0.08
3108,0.04
3109,0.03
3110,0.03
3111,0.01
3112,0.11
3113,0.04
3114,0.04
3115,0.03
3116,0.05
3117,0.04
3118,0.07
3119,0.0
3120,0.03
3121,0.1
3122,0.05
3123,0.11
3124,0.08
3125,0.08
3126,0.04
3127,0.01
3128,0.05
3129,0.04
3130,0.12
3131,0.04
3132,0.05
3133,0.0
3134,0.06
3135,0.05
3136,0.06
3137,0.05
3138,0.02
3139,0.05
3140,0.03
3141,0.05
3142,0.06
3143,0.09
3144,0.05
3145,0.13
3146,0.03
3147,0.07
3148,0.1
3149,0.01
3150,0.04
3151,0.09
3152,0.08
3153,0.08
3154,0.08
3155,0.04
3156,0.02
3157,0.01
3158,0.02
3159,0.17
3160,0.0
3161,0.07
3162,0.14
3163,0.02
3164,0.02
3165,0.07
3166,0.08
3167,0.02
3168,0.08
3169,0.08
3170,0.04
3171,0.09
3172,0.0
3173,0.07
3174,0.04
3175,0.01
3176,0.04
3177,0.04
3178,0.01
3179,0.08
3180,0.06
3181,0.02
3182,0.01
3183,0.02
3184,0.03
3185,0.06
3186,0.03
3187,0.01
3188,0.05
3189,0.02
3190,0.01
3191,0.09
3192,0.0
3193,0.04
3194,0.11
3195,0.09
3196,0.02
3197,0.01
3198,0.09
3199,0.1
3200,0.01
3201,0.0
3202,0.04
3203,0.03
3204,0.1
3205,0.01
3206,0.04
3207,0.01
3208,0.05
3209,0.01
3210,0.01
3211,0.04
3212,0.06
3213,0.0
3214,0.03
3215,0.02
3216,0.1
3217,0.11
3218,0.01
3219,0.03
3220,0.04
3221,0.06
3222,0.01
3223,0.08
3224,0.0
3225,0.02
3226,0.01
3227,0.13
3228,0.04
3229,0.05
3230,0.03
3231,0.0
3232,0.12
3233,0.03
3234,0.06
3235,0.06
3236,0.08
3237,0.04
3238,0.04
3239,0.14
3240,0.06
3241,0.04
3242,0.01
3243,0.04
3244,0.07
3245,0.05
3246,0.07
3247,0.0
3248,0.05
3249,0.03
3250,0.02
3251,0.03
3252,0.01
3253,0.02
3254,0.08
3255,0.0
3256,0.09
3257,0.13
3258,0.05
3259,0.0
3260,0.03
3261,0.11
3262,0.04
3263,0.01
3264,0.0
3265,0.01
3266,0.01
3267,0.04
3268,0.03
3269,0.02
3270,0.08
3271,0.03
3272,0.04
3273,0.09
3274,0.05
3275,0.06
3276,0.13
3277,0.0
3278,0.12
3279,0.02
3280,0.0
3281,0.01
3282,0.02
3283,0.02
3284,0.09
3285,0.05
3286,0.0
3287,0.05
3288,0.14
3289,0.01
3290,0.07
3291,0.1
3292,0.0
3293,0.02
3294,0.08
3295,0.11
3296,0.04
3297,0.03
3298,0.03
3299,0.04
3300,0.07
3301,0.11
3302,0.0
3303,0.12
3304,0.0
3305,0.01
3306,0.05
3307,0.01
3308,0.0
3309,0.02
3310,0.02
3311,0.0
3312,0.03
3313,0.08
3314,0.0
3315,0.01
3316,0.01
3317,0.01
3318,0.01
3319,0.0
3320,0.04
3321,0.08
3322,0.03
3323,0.02
3324,0.06
3325,0.14
3326,0.17
3327,0.04
3328,0.01
3329,0.02
3330,0.03
3331,0.01
3332,0.01
3333,0.04
3334,0.06
3335,0.0
3336,0.09
3337,0.05
3338,0.0
3339,0.03
3340,0.02
3341,0.0
3342,0.03
3343,0.01
3344,0.14
3345,0.11
3346,0.02
3347,0.08
3348,0.03
3349,0.06
3350,0.01
3351,0.08
3352,0.09
3353,0.02
3354,0.01
3355,0.07
3356,0.03
3357,0.06
3358,0.11
3359,0.05
3360,0.02
3361,0.07
3362,0.08
3363,0.04
3364,0.07
3365,0.02
3366,0.08
3367,0.03
3368,0.0
3369,0.0
3370,0.09
3371,0.06
3372,0.06
3373,0.01
3374,0.01
3375,0.1
3376,0.03
3377,0.03
3378,0.05
3379,0.0
3380,0.03
3381,0.01
3382,0.03
3383,0.06
3384,0.08
3385,0.09
3386,0.05
3387,0.09
3388,0.11
3389,0.01
3390,0.04
3391,0.0
3392,0.03
3393,0.01
3394,0.12
3395,0.01
3396,0.0
3397,0.05
3398,0.03
3399,0.08
3400,0.07
3401,0.11
3402,0.02
3403,0.03
3404,0.08
3405,0.05
3406,0.04
3407,0.0
3408,0.05
3409,0.06
3410,0.09
3411,0.12
3412,0.05
3413,0.03
3414,0.04
3415,0.01
3416,0.02
3417,0.09
3418,0.05
3419,0.08
3420,0.08
3421,0.13
3422,0.03
3423,0.0
3424,0.03
3425,0.01
3426,0.07
3427,0.0
3428,0.04
3429,0.06
3430,0.11
3431,0.07
3432,0.03
3433,0.1
3434,0.09
3435,0.02
3436,0.05
3437,0.08
3438,0.0
3439,0.05
3440,0.02
3441,0.09
3442,0.03
3443,0.0
3444,0.06
3445,0.02
3446,0.0
3447,0.05
3448,0.06
3449,0.03
3450,0.06
3451,0.08
3452,0.06
3453,0.03
3454,0.02
3455,0.1
3456,0.01
3457,0.02
3458,0.01
3459,0.11
3460,0.01
3461,0.03
3462,0.07
3463,0.0
3464,0.0
3465,0.04
3466,0.02
3467,0.13
3468,0.05
3469,0.01
3470,0.06
3471,0.04
3472,0.03
3473,0.07
3474,0.03
3475,0.12
3476,0.12
3477,0.1
3478,0.06
3479,0.0
3480,0.02
3481,0.05
3482,0.04
3483,0.06
3484,0.01
3485,0.1
3486,0.05
3487,0.06
3488,0.07
3489,0.0
3490,0.06
3491,0.01
3492,0.05
3493,0.01
3494,0.08
3495,0.02
3496,0.02
3497,0.01
3498,0.01
3499,0.0
3500,0.08
3501,0.0
3502,0.08
3503,0.04
3504,0.02
3505,0.0
3506,0.07
3507,0.05
3508,0.07
3509,0.14
3510,0.01
3511,0.07
3512,0.01
3513,0.01
3514,0.02
3515,0.05
3516,0.04
3517,0.07
3518,0.01
3519,0.08
3520,0.02
3521,0.0
3522,0.08
3523,0.02
3524,0.01
3525,0.12
3526,0.04
3527,0.12
3528,0.05
3529,0.01
3530,0.03
3531,0.04
3532,0.06
3533,0.12
3534,0.03
3535,0.0
3536,0.02
3537,0.04
3538,0.14
3539,0.06
3540,0.07
3541,0.05
3542,0.12
3543,0.0
3544,0.02
3545,0.01
3546,0.11
3547,0.01
3548,0.03
3549,0.07
3550,0.14
3551,0.06
3552,0.03
3553,0.06
3554,0.06
3555,0.11
3556,0.07
3557,0.04
3558,0.01
3559,0.0
3560,0.02
3561,0.04
3562,0.01
3563,0.03
3564,0.0
3565,0.07
3566,0.06
3567,0.06
3568,0.11
3569,0.01
3570,0.02
3571,0.03
3572,0.03
3573,0.02
3574,0.0
3575,0.02
3576,0.01
3577,0.01
3578,0.02
3579,0.01
3580,0.0
3581,0.09
3582,0.1
3583,0.01
3584,0.11
3585,0.0
3586,0.03
3587,0.05
3588,0.02
3589,0.04
3590,0.0
3591,0.13
3592,0.06
3593,0.06
3594,0.04
3595,0.12
3596,0.02
3597,0.0
3598,0.17
3599,0.01
3600,0.03
3601,0.08
3602,0.07
3603,0.02
3604,0.05
3605,0.07
3606,0.02
3607,0.02
3608,0.02
3609,0.07
3610,0.02
3611,0.08
3612,0.1
3613,0.03
3614,0.11
3615,0.06
3616,0.01
3617,0.03
3618,0.16
3619,0.04
3620,0.06
3621,0.02
3622,0.0
3623,0.04
3624,0.07
3625,0.0
3626,0.13
3627,0.04
3628,0.01
3629,0.08
3630,0.06
3631,0.06
3632,0.06
3633,0.04
3634,0.02
3635,0.0
3636,0.01
3637,0.06
3638,0.12
3639,0.04
3640,0.01
3641,0.07
3642,0.07
3643,0.05
3644,0.08
3645,0.0
3646,0.05
3647,0.16
3648,0.0
3649,0.04
3650,0.06
3651,0.04
3652,0.01
3653,0.07
3654,0.02
3655,0.06
3656,0.06
3657,0.08
3658,0.06
3659,0.01
3660,0.03
3661,0.03
3662,0.06
3663,0.01
3664,0.13
3665,0.04
3666,0.0
3667,0.01
3668,0.06
3669,0.01
3670,0.09
3671,0.11
3672,0.1
3673,0.0
3674,0.11
3675,0.02
3676,0.1
3677,0.02
3678,0.03
3679,0.04
3680,0.04
3681,0.01
3682,0.06
3683,0.05
3684,0.02
3685,0.05
3686,0.1
3687,0.0
3688,0.08
3689,0.01
3690,0.02
3691,0.0
3692,0.06
3693,0.04
3694,0.0
3695,0.15
3696,0.07
3697,0.06
3698,0.03
3699,0.06
3700,0.02
3701,0.17
3702,0.03
3703,0.01
3704,0.06
3705,0.03
3706,0.01
3707,0.01
3708,0.11
3709,0.16
3710,0.0
3711,0.05
3712,0.06
3713,0.09
3714,0.0
3715,0.07
3716,0.02
3717,0.03
3718,0.05
3719,0.05
3720,0.0
3721,0.04
3722,0.02
3723,0.05
3724,0.11
3725,0.02
3726,0.16
3727,0.04
3728,0.05
3729,0.0
3730,0.06
3731,0.04
3732,0.05
3733,0.03
3734,0.02
3735,0.03
3736,0.06
3737,0.0
3738,0.0
3739,0.07
3740,0.02
3741,0.03
3742,0.01
3743,0.04
3744,0.02
3745,0.01
3746,0.1
3747,0.08
3748,0.03
3749,0.09
3750,0.03
3751,0.05
3752,0.07
3753,0.0
3754,0.02
3755,0.04
3756,0.04
3757,0.09
3758,0.05
3759,0.01
3760,0.01
3761,0.01
3762,0.03
3763,0.01
3764,0.05
3765,0.07
3766,0.0
3767,0.12
3768,0.06
3769,0.05
3770,0.02
3771,0.0
3772,0.0
3773,0.07
3774,0.1
3775,0.06
3776,0.1
3777,0.02
3778,0.0
3779,0.09
3780,0.0
3781,0.0
3782,0.07
3783,0.01
3784,0.08
3785,0.03
3786,0.05
3787,0.14
3788,0.02
3789,0.08
3790,0.0
3791,0.08
3792,0.03
3793,0.0
3794,0.12
3795,0.06
3796,0.02
3797,0.07
3798,0.06
3799,0.05
3800,0.05
3801,0.02
3802,0.05
3803,0.0
3804,0.08
3805,0.02
3806,0.03
3807,0.0
3808,0.04
3809,0.12
3810,0.01
3811,0.0
3812,0.0
3813,0.03
3814,0.07
3815,0.02
3816,0.06
3817,0.04
3818,0.03
3819,0.01
3820,0.02
3821,0.0
3822,0.06
3823,0.07
3824,0.02
3825,0.07
3826,0.0
3827,0.02
3828,0.1
3829,0.09
3830,0.06
3831,0.02
3832,0.0
3833,0.11
3834,0.12
3835,0.08
3836,0.07
3837,0.0
3838,0.08
3839,0.05
3840,0.02
3841,0.02
3842,0.11
3843,0.13
3844,0.02
3845,0.08
3846,0.01
3847,0.0
3848,0.06
3849,0.03
3850,0.02
3851,0.05
3852,0.11
3853,0.06
3854,0.03
3855,0.06
3856,0.02
3857,0.0
3858,0.05
3859,0.08
3860,0.0
3861,0.09
3862,0.04
3863,0.0
3864,0.0
3865,0.07
3866,0.01
3867,0.02
3868,0.0
3869,0.03
3870,0.11
3871,0.0
3872,0.09
3873,0.04
3874,0.0
3875,0.04
3876,0.0
3877,0.0
3878,0.03
3879,0.02
3880,0.0
3881,0.02
3882,0.06
3883,0.06
3884,0.06
3885,0.05
3886,0.09
3887,0.05
3888,0.09
3889,0.02
3890,0.11
3891,0.01
3892,0.04
3893,0.0
3894,0.1
3895,0.04
3896,0.04
3897,0.02
3898,0.0
3899,0.0
3900,0.02
3901,0.01
3902,0.02
3903,0.06
3904,0.02
3905,0.01
3906,0.05
3907,0.05
3908,0.08
3909,0.1
3910,0.14
3911,0.09
3912,0.03
3913,0.12
3914,0.0
3915,0.09
3916,0.0
3917,0.05
3918,0.02
3919,0.03
3920,0.04
3921,0.0
3922,0.01
3923,0.04
3924,0.1
3925,0.07
3926,0.0
3927,0.1
3928,0.09
3929,0.02
3930,0.11
3931,0.03
3932,0.02
3933,0.02
3934,0.01
3935,0.09
3936,0.06
3937,0.1
3938,0.02
3939,0.02
3940,0.09
3941,0.03
3942,0.1
3943,0.08
3944,0.0
3945,0.08
3946,0.01
3947,0.09
3948,0.14
3949,0.01
3950,0.06
3951,0.02
3952,0.0
3953,0.01
3954,0.06
3955,0.09
3956,0.03
3957,0.08
3958,0.13
3959,0.06
3960,0.11
3961,0.05
3962,0.0
3963,0.01
3964,0.02
3965,0.04
3966,0.0
3967,0.02
3968,0.01
3969,0.02
3970,0.13
3971,0.0
3972,0.01
3973,0.05
3974,0.13
3975,0.01
3976,0.04
3977,0.16
3978,0.03
3979,0.15
3980,0.13
3981,0.06
3982,0.03
3983,0.01
3984,0.06
3985,0.04
3986,0.01
3987,0.07
3988,0.04
3989,0.04
3990,0.12
3991,0.07
3992,0.0
3993,0.06
3994,0.04
3995,0.09
3996,0.0
3997,0.05
3998,0.01
3999,0.1
4000,0.06
4001,0.02
4002,0.03
4003,0.05
4004,0.04
4005,0.02
4006,0.02
4007,0.02
4008,0.04
4009,0.06
4010,0.01
4011,0.0
4012,0.12
4013,0.0
4014,0.07
4015,0.01
4016,0.0
4017,0.02
4018,0.08
4019,0.05
4020,0.0
4021,0.03
4022,0.0
4023,0.01
4024,0.01
4025,0.08
4026,0.02
4027,0.0
4028,0.07
4029,0.01
4030,0.02
4031,0.05
4032,0.01
4033,0.01
4034,0.1
4035,0.13
4036,0.11
4037,0.07
4038,0.04
4039,0.0
4040,0.08
4041,0.0
4042,0.05
4043,0.14
4044,0.06
4045,0.05
4046,0.09
4047,0.03
4048,0.03
4049,0.01
4050,0.0
4051,0.04
4052,0.01
4053,0.12
4054,0.02
4055,0.03
4056,0.01
4057,0.02
4058,0.11
4059,0.01
4060,0.05
4061,0.1
4062,0.04
4063,0.05
4064,0.06
4065,0.02
4066,0.1
4067,0.04
4068,0.08
4069,0.06
4070,0.04
4071,0.13
4072,0.08
4073,0.04
4074,0.01
4075,0.13
4076,0.01
4077,0.03
4078,0.02
4079,0.05
4080,0.0
4081,0.05
4082,0.07
4083,0.1
4084,0.05
4085,0.02
4086,0.05
4087,0.01
4088,0.06
4089,0.08
4090,0.01
4091,0.01
4092,0.03
4093,0.01
4094,0.06
4095,0.12
4096,0.05
4097,0.0
4098,0.0
4099,0.12
4100,0.05
4101,0.03
4102,0.08
4103,0.0
4104,0.07
4105,0.11
4106,0.05
4107,0.08
4108,0.05
4109,0.0
4110,0.03
4111,0.05
4112,0.03
4113,0.04
4114,0.01
4115,0.06
4116,0.0
4117,0.04
4118,0.01
4119,0.0
4120,0.11
4121,0.0
4122,0.08
4123,0.06
4124,0.01
4125,0.0
4126,0.12
4127,0.0
4128,0.1
4129,0.05
4130,0.15
4131,0.09
4132,0.06
4133,0.04
4134,0.06
4135,0.08
4136,0.05
4137,0.03
4138,0.1
4139,0.02
4140,0.07
4141,0.01
4142,0.06
4143,0.03
4144,0.0
4145,0.06
4146,0.0
4147,0.0
4148,0.01
4149,0.11
4150,0.01
4151,0.1
4152,0.06
4153,0.02
4154,0.02
4155,0.05
4156,0.09
4157,0.01
4158,0.06
4159,0.04
4160,0.02
4161,0.0
4162,0.02
4163,0.01
4164,0.12
4165,0.1
4166,0.01
4167,0.0
4168,0.07
4169,0.03
4170,0.02
4171,0.12
4172,0.0
4173,0.0
4174,0.01
4175,0.0
4176,0.09
4177,0.06
4178,0.06
4179,0.07
4180,0.09
4181,0.09
4182,0.08
4183,0.09
4184,0.02
4185,0.1
4186,0.09
4187,0.07
4188,0.06
4189,0.0
4190,0.0
4191,0.07
4192,0.04
4193,0.04
4194,0.0
4195,0.0
4196,0.0
4197,0.1
4198,0.02
4199,0.02
4200,0.05
4201,0.1
4202,0.04
4203,0.09
4204,0.06
4205,0.03
4206,0.1
4207,0.14
4208,0.02
4209,0.05
4210,0.06
4211,0.08
4212,0.0
4213,0.0
4214,0.04
4215,0.1
4216,0.01
4217,0.03
4218,0.02
4219,0.03
4220,0.0
4221,0.06
4222,0.07
4223,0.11
4224,0.06
4225,0.08
4226,0.04
4227,0.11
4228,0.13
4229,0.07
4230,0.04
4231,0.08
4232,0.12
4233,0.01
4234,0.1
4235,0.07
4236,0.06
4237,0.0
4238,0.0
4239,0.01
4240,0.0
4241,0.08
4242,0.0
4243,0.07
4244,0.2
4245,0.02
4246,0.0
4247,0.04
4248,0.05
4249,0.03
4250,0.02
4251,0.07
4252,0.07
4253,0.01
4254,0.07
4255,0.1
4256,0.12
4257,0.04
4258,0.12
4259,0.02
4260,0.04
4261,0.04
4262,0.08
4263,0.12
4264,0.14
4265,0.0
4266,0.03
4267,0.03
4268,0.0
4269,0.12
4270,0.06
4271,0.1
4272,0.06
4273,0.1
4274,0.06
4275,0.04
4276,0.01
4277,0.01
4278,0.04
4279,0.01
4280,0.05
4281,0.09
4282,0.01
4283,0.06
4284,0.03
4285,0.01
4286,0.0
4287,0.01
4288,0.01
4289,0.04
4290,0.02
4291,0.01
4292,0.13
4293,0.01
4294,0.03
4295,0.05
4296,0.02
4297,0.1
4298,0.03
4299,0.0
4300,0.03
4301,0.02
4302,0.06
4303,0.07
4304,0.02
4305,0.1
4306,0.01
4307,0.05
4308,0.02
4309,0.14
4310,0.1
4311,0.08
4312,0.09
4313,0.02
4314,0.0
4315,0.03
4316,0.08
4317,0.0
4318,0.0
4319,0.0
4320,0.0
4321,0.02
4322,0.11
4323,0.02
4324,0.02
4325,0.0
4326,0.05
4327,0.15
4328,0.1
4329,0.1
4330,0.04
4331,0.0
4332,0.05
4333,0.0
4334,0.06
4335,0.07
4336,0.01
4337,0.06
4338,0.01
4339,0.07
4340,0.09
4341,0.05
4342,0.06
4343,0.11
4344,0.01
4345,0.02
4346,0.04
4347,0.01
4348,0.08
4349,0.0
4350,0.02
4351,0.0
4352,0.02
4353,0.02
4354,0.08
4355,0.0
4356,0.13
4357,0.0
4358,0.0
4359,0.07
4360,0.12
4361,0.11
4362,0.01
4363,0.05
4364,0.04
4365,0.01
4366,0.06
4367,0.04
4368,0.06
4369,0.06
4370,0.01
4371,0.04
4372,0.0
4373,0.06
4374,0.09
4375,0.07
4376,0.06
4377,0.07
4378,0.0
4379,0.01
4380,0.08
4381,0.01
4382,0.07
4383,0.01
4384,0.02
4385,0.08
4386,0.01
4387,0.05
4388,0.05
4389,0.08
4390,0.02
4391,0.1
4392,0.04
4393,0.06
4394,0.0
4395,0.02
4396,0.03
4397,0.04
4398,0.01
4399,0.13
4400,0.06
4401,0.1
4402,0.01
4403,0.03
4404,0.1
4405,0.03
4406,0.0
4407,0.02
4408,0.01
4409,0.15
4410,0.09
4411,0.0
4412,0.08
4413,0.07
4414,0.11
4415,0.09
4416,0.05
4417,0.08
4418,0.02
4419,0.07
4420,0.06
4421,0.1
4422,0.0
4423,0.06
4424,0.14
4425,0.01
4426,0.1
4427,0.01
4428,0.14
4429,0.0
4430,0.01
4431,0.08
4432,0.04
4433,0.1
4434,0.05
4435,0.05
4436,0.05
4437,0.05
4438,0.04
4439,0.09
4440,0.06
4441,0.06
4442,0.06
4443,0.03
4444,0.03
4445,0.08
4446,0.01
4447,0.07
4448,0.03
4449,0.03
4450,0.03
4451,0.0
4452,0.01
4453,0.0
4454,0.07
4455,0.0
4456,0.0
4457,0.13
4458,0.01
4459,0.04
4460,0.02
4461,0.12
4462,0.0
4463,0.09
4464,0.07
4465,0.0
4466,0.07
4467,0.01
4468,0.13
4469,0.04
4470,0.01
4471,0.05
4472,0.02
4473,0.04
4474,0.04
4475,0.07
4476,0.0
4477,0.04
4478,0.01
4479,0.0
4480,0.07
4481,0.12
4482,0.03
4483,0.07
4484,0.0
4485,0.06
4486,0.01
4487,0.05
4488,0.01
4489,0.03
4490,0.0
4491,0.02
4492,0.1
4493,0.02
4494,0.07
4495,0.04
4496,0.03
4497,0.06
4498,0.04
4499,0.04
4500,0.0
4501,0.04
4502,0.01
4503,0.08
4504,0.03
4505,0.0
4506,0.02
4507,0.04
4508,0.0
4509,0.01
4510,0.01
4511,0.04
4512,0.0
4513,0.1
4514,0.21
4515,0.01
4516,0.11
4517,0.11
4518,0.01
4519,0.08
4520,0.08
4521,0.01
4522,0.07
4523,0.05
4524,0.0
4525,0.07
4526,0.07
4527,0.0
4528,0.07
4529,0.05
4530,0.03
4531,0.02
4532,0.09
4533,0.05
4534,0.01
4535,0.02
4536,0.0
4537,0.0
4538,0.03
4539,0.01
4540,0.04
4541,0.02
4542,0.08
4543,0.05
4544,0.12
4545,0.07
4546,0.03
4547,0.09
4548,0.04
4549,0.01
4550,0.06
4551,0.15
4552,0.08
4553,0.01
4554,0.06
4555,0.0
4556,0.11
4557,0.05
4558,0.04
4559,0.05
4560,0.11
4561,0.1
4562,0.09
4563,0.04
4564,0.0
4565,0.01
4566,0.08
4567,0.11
4568,0.03
4569,0.07
4570,0.02
4571,0.1
4572,0.0
4573,0.01
4574,0.12
4575,0.02
4576,0.05
4577,0.07
4578,0.01
4579,0.11
4580,0.02
4581,0.0
4582,0.0
4583,0.08
4584,0.02
4585,0.01
4586,0.01
4587,0.06
4588,0.0
4589,0.03
4590,0.05
4591,0.08
4592,0.02
4593,0.01
4594,0.07
4595,0.04
4596,0.02
4597,0.02
4598,0.04
4599,0.07
4600,0.03
4601,0.01
4602,0.06
4603,0.09
4604,0.03
4605,0.09
4606,0.03
4607,0.08
4608,0.01
4609,0.02
4610,0.0
4611,0.05
4612,0.0
4613,0.0
4614,0.08
4615,0.01
4616,0.06
4617,0.03
4618,0.02
4619,0.12
4620,0.03
4621,0.05
4622,0.0
4623,0.08
4624,0.03
4625,0.04
4626,0.1
4627,0.01
4628,0.06
4629,0.05
4630,0.02
4631,0.07
4632,0.08
4633,0.06
4634,0.07
4635,0.02
4636,0.06
4637,0.01
4638,0.01
4639,0.01
4640,0.01
4641,0.04
4642,0.04
4643,0.02
4644,0.03
4645,0.01
4646,0.0
4647,0.05
4648,0.01
4649,0.03
4650,0.0
4651,0.03
4652,0.04
4653,0.13
4654,0.03
4655,0.14
4656,0.06
4657,0.04
4658,0.02
4659,0.03
4660,0.1
4661,0.05
4662,0.0
4663,0.02
4664,0.0
4665,0.08
4666,0.04
4667,0.03
4668,0.04
4669,0.0
4670,0.0
4671,0.04
4672,0.08
4673,0.01
4674,0.01
4675,0.01
4676,0.07
4677,0.12
4678,0.08
4679,0.03
4680,0.02
4681,0.05
4682,0.0
4683,0.03
4684,0.06
4685,0.06
4686,0.0
4687,0.02
4688,0.04
4689,0.03
4690,0.0
4691,0.02
4692,0.01
4693,0.1
4694,0.01
4695,0.0
4696,0.01
4697,0.04
4698,0.1
4699,0.0
4700,0.11
4701,0.15
4702,0.04
4703,0.0
4704,0.04
4705,0.1
4706,0.03
4707,0.03
4708,0.05
4709,0.03
4710,0.01
4711,0.09
4712,0.05
4713,0.04
4714,0.08
4715,0.03
4716,0.05
4717,0.04
4718,0.12
4719,0.08
4720,0.01
4721,0.03
4722,0.08
4723,0.01
4724,0.0
4725,0.03
4726,0.09
4727,0.05
4728,0.03
4729,0.01
4730,0.13
4731,0.01
4732,0.11
4733,0.03
4734,0.05
4735,0.01
4736,0.07
4737,0.08
4738,0.04
4739,0.0
4740,0.14
4741,0.05
4742,0.07
4743,0.0
4744,0.05
4745,0.04
4746,0.04
4747,0.06
4748,0.05
4749,0.02
4750,0.01
4751,0.01
4752,0.02
4753,0.08
4754,0.06
4755,0.05
4756,0.02
4757,0.09
4758,0.02
4759,0.03
4760,0.06
4761,0.07
4762,0.14
4763,0.02
4764,0.02
4765,0.01
4766,0.05
4767,0.0
4768,0.09
4769,0.04
4770,0.12
4771,0.02
4772,0.08
4773,0.08
4774,0.02
4775,0.07
4776,0.04
4777,0.02
4778,0.01
4779,0.03
4780,0.06
4781,0.02
4782,0.08
4783,0.01
4784,0.1
4785,0.0
4786,0.01
4787,0.0
4788,0.0
4789,0.09
4790,0.08
4791,0.05
4792,0.07
4793,0.0
4794,0.03
4795,0.09
4796,0.1
4797,0.05
4798,0.13
4799,0.04
4800,0.0
4801,0.0
4802,0.06
4803,0.01
4804,0.08
4805,0.05
4806,0.03
4807,0.02
4808,0.0
4809,0.08
4810,0.04
4811,0.0
4812,0.01
4813,0.09
4814,0.12
4815,0.04
4816,0.06
4817,0.01
4818,0.07
4819,0.0
4820,0.01
4821,0.03
4822,0.05
4823,0.02
4824,0.0
4825,0.07
4826,0.13
4827,0.08
4828,0.09
4829,0.01
4830,0.0
4831,0.09
4832,0.05
4833,0.05
4834,0.02
4835,0.03
4836,0.06
4837,0.09
4838,0.07
4839,0.11
4840,0.02
4841,0.07
4842,0.14
4843,0.0
4844,0.0
4845,0.02
4846,0.01
4847,0.01
4848,0.04
4849,0.09
4850,0.0
4851,0.04
4852,0.01
4853,0.07
4854,0.06
4855,0.02
4856,0.08
4857,0.07
4858,0.0
4859,0.03
4860,0.04
4861,0.08
4862,0.02
4863,0.1
4864,0.08
4865,0.0
4866,0.03
4867,0.02
4868,0.0
4869,0.05
4870,0.09
4871,0.04
4872,0.0
4873,0.02
4874,0.07
4875,0.06
4876,0.04
4877,0.04
4878,0.04
4879,0.01
4880,0.06
4881,0.11
4882,0.11
4883,0.05
4884,0.03
4885,0.05
4886,0.09
4887,0.11
4888,0.18
4889,0.01
4890,0.05
4891,0.06
4892,0.1
4893,0.01
4894,0.06
4895,0.07
4896,0.02
4897,0.0
4898,0.08
4899,0.02
4900,0.11
4901,0.06
4902,0.07
4903,0.06
4904,0.03
4905,0.1
4906,0.02
4907,0.12
4908,0.1
4909,0.03
4910,0.0
4911,0.1
4912,0.04
4913,0.09
4914,0.02
4915,0.08
4916,0.07
4917,0.03
4918,0.06
4919,0.11
4920,0.07
4921,0.0
4922,0.04
4923,0.02
4924,0.0
4925,0.03
4926,0.11
4927,0.05
4928,0.05
4929,0.05
4930,0.05
4931,0.02
4932,0.04
4933,0.08
4934,0.11
4935,0.0
4936,0.09
4937,0.0
4938,0.02
4939,0.02
4940,0.12
4941,0.0
4942,0.04
4943,0.09
4944,0.0
4945,0.13
4946,0.08
4947,0.03
4948,0.01
4949,0.01
4950,0.01
4951,0.03
4952,0.07
4953,0.03
4954,0.0
4955,0.09
4956,0.07
4957,0.04
4958,0.05
4959,0.01
4960,0.02
4961,0.01
4962,0.04
4963,0.03
4964,0.07
4965,0.02
4966,0.01
4967,0.03
4968,0.0
4969,0.03
4970,0.01
4971,0.08
4972,0.02
4973,0.09
4974,0.11
4975,0.01
4976,0.1
4977,0.08
4978,0.1
4979,0.03
4980,0.0
4981,0.04
4982,0.03
4983,0.0
4984,0.01
4985,0.01
4986,0.11
4987,0.04
4988,0.0
4989,0.0
4990,0.0
4991,0.02
4992,0.06
4993,0.0
4994,0.07
4995,0.05
4996,0.16
4997,0.0
4998,0.0
4999,0.02
5000,0.03
5001,0.09
5002,0.0
5003,0.02
5004,0.08
5005,0.03
5006,0.08
5007,0.02
5008,0.02
5009,0.01
5010,0.02
5011,0.14
5012,0.09
5013,0.07
5014,0.02
5015,0.06
5016,0.12
5017,0.06
5018,0.0
5019,0.02
5020,0.05
5021,0.02
5022,0.05
5023,0.0
5024,0.01
5025,0.06
5026,0.07
5027,0.01
5028,0.12
5029,0.02
5030,0.05
5031,0.01
5032,0.01
5033,0.0
5034,0.03
5035,0.01
5036,0.03
5037,0.11
5038,0.04
5039,0.0
5040,0.0
5041,0.08
5042,0.05
5043,0.02
5044,0.04
5045,0.05
5046,0.06
5047,0.04
5048,0.1
5049,0.07
5050,0.0
5051,0.03
5052,0.06
5053,0.09
5054,0.07
5055,0.07
5056,0.04
5057,0.01
5058,0.0
5059,0.0
5060,0.0
5061,0.05
5062,0.07
5063,0.07
5064,0.11
5065,0.0
5066,0.04
5067,0.09
5068,0.01
5069,0.0
5070,0.01
5071,0.08
5072,0.0
5073,0.05
5074,0.02
5075,0.07
5076,0.02
5077,0.05
5078,0.1
5079,0.01
5080,0.04
5081,0.01
5082,0.07
5083,0.11
5084,0.11
5085,0.02
5086,0.05
5087,0.14
5088,0.06
5089,0.0
5090,0.01
5091,0.12
5092,0.0
5093,0.08
5094,0.05
5095,0.03
5096,0.08
5097,0.0
5098,0.07
5099,0.03
5100,0.03
5101,0.09
5102,0.0
5103,0.08
5104,0.16
5105,0.1
5106,0.04
5107,0.05
5108,0.0
5109,0.08
5110,0.03
5111,0.02
5112,0.1
5113,0.06
5114,0.03
5115,0.13
5116,0.06
5117,0.03
5118,0.01
5119,0.02
5120,0.08
5121,0.02
5122,0.03
5123,0.06
5124,0.08
5125,0.03
5126,0.01
5127,0.15
5128,0.0
5129,0.01
5130,0.02
5131,0.03
5132,0.04
5133,0.13
5134,0.12
5135,0.01
5136,0.01
5137,0.06
5138,0.04
5139,0.06
5140,0.11
5141,0.11
5142,0.01
5143,0.03
5144,0.02
5145,0.1
5146,0.03
5147,0.13
5148,0.04
5149,0.01
5150,0.08
5151,0.08
5152,0.06
5153,0.04
5154,0.04
5155,0.07
5156,0.04
5157,0.03
5158,0.03
5159,0.02
5160,0.08
5161,0.0
5162,0.05
5163,0.01
5164,0.09
5165,0.01
5166,0.05
5167,0.06
5168,0.13
5169,0.07
5170,0.04
5171,0.07
5172,0.06
5173,0.01
5174,0.0
5175,0.01
5176,0.0
5177,0.03
5178,0.05
5179,0.02
5180,0.0
5181,0.0
5182,0.0
5183,0.07
5184,0.09
5185,0.01
5186,0.0
5187,0.16
5188,0.04
5189,0.0
5190,0.06
5191,0.0
5192,0.09
5193,0.01
5194,0.0
5195,0.05
5196,0.09
5197,0.07
5198,0.05
5199,0.01
5200,0.09
5201,0.0
5202,0.02
5203,0.11
5204,0.01
5205,0.02
5206,0.0
5207,0.04
5208,0.04
5209,0.06
5210,0.07
5211,0.11
5212,0.07
5213,0.1
5214,0.04
5215,0.03
5216,0.0
5217,0.05
5218,0.08
5219,0.07
5220,0.0
5221,0.01
5222,0.08
5223,0.05
5224,0.01
5225,0.06
5226,0.09
5227,0.04
5228,0.01
5229,0.16
5230,0.01
5231,0.1
5232,0.04
5233,0.0
5234,0.0
5235,0.13
5236,0.09
5237,0.01
5238,0.01
5239,0.0
5240,0.05
5241,0.01
5242,0.07
5243,0.02
5244,0.08
5245,0.01
5246,0.01
5247,0.05
5248,0.09
5249,0.08
5250,0.06
5251,0.0
5252,0.08
5253,0.07
5254,0.01
5255,0.01
5256,0.01
5257,0.01
5258,0.08
5259,0.0
5260,0.07
5261,0.06
5262,0.07
5263,0.0
5264,0.06
5265,0.02
5266,0.07
5267,0.07
5268,0.01
5269,0.1
5270,0.02
5271,0.01
5272,0.09
5273,0.04
5274,0.13
5275,0.01
5276,0.05
5277,0.0
5278,0.08
5279,0.02
5280,0.07
5281,0.02
5282,0.07
5283,0.1
5284,0.01
5285,0.09
5286,0.01
5287,0.03
5288,0.11
5289,0.05
5290,0.07
5291,0.0
5292,0.01
5293,0.04
5294,0.03
5295,0.09
5296,0.01
5297,0.03
5298,0.11
5299,0.05
5300,0.05
5301,0.06
5302,0.04
5303,0.02
5304,0.06
5305,0.06
5306,0.06
5307,0.01
5308,0.03
5309,0.08
5310,0.09
5311,0.06
5312,0.0
5313,0.04
5314,0.0
5315,0.03
5316,0.03
5317,0.06
5318,0.05
5319,0.08
5320,0.02
5321,0.07
5322,0.01
5323,0.11
5324,0.07
5325,0.03
5326,0.03
5327,0.0
5328,0.05
5329,0.13
5330,0.1
5331,0.06
5332,0.03
5333,0.0
5334,0.03
5335,0.02
5336,0.02
5337,0.0
5338,0.02
5339,0.07
5340,0.07
5341,0.03
5342,0.02
5343,0.05
5344,0.08
5345,0.08
5346,0.02
5347,0.0
5348,0.0
5349,0.0
5350,0.08
5351,0.03
5352,0.05
5353,0.02
5354,0.0
5355,0.05
5356,0.0
5357,0.01
5358,0.01
5359,0.07
5360,0.01
5361,0.12
5362,0.1
5363,0.01
5364,0.05
5365,0.01
5366,0.07
5367,0.0
5368,0.0
5369,0.01
5370,0.0
5371,0.03
5372,0.09
5373,0.05
5374,0.04
5375,0.12
5376,0.08
5377,0.11
5378,0.04
5379,0.07
5380,0.07
5381,0.0
5382,0.01
5383,0.09
5384,0.15
5385,0.0
5386,0.07
5387,0.01
5388,0.02
5389,0.03
5390,0.08
5391,0.0
5392,0.12
5393,0.01
5394,0.04
5395,0.04
5396,0.05
5397,0.08
5398,0.12
5399,0.06
5400,0.09
5401,0.13
5402,0.0
5403,0.02
5404,0.01
5405,0.0
5406,0.0
5407,0.0
5408,0.02
5409,0.0
5410,0.04
5411,0.09
5412,0.02
5413,0.01
5414,0.11
5415,0.09
5416,0.07
5417,0.11
5418,0.02
5419,0.03
5420,0.15
5421,0.06
5422,0.05
5423,0.02
5424,0.06
5425,0.07
5426,0.04
5427,0.04
5428,0.01
5429,0.07
5430,0.14
5431,0.0
5432,0.09
5433,0.09
5434,0.06
5435,0.06
5436,0.02
5437,0.07
5438,0.02
5439,0.09
5440,0.04
5441,0.0
5442,0.05
5443,0.06
5444,0.01
5445,0.06
5446,0.0
5447,0.0
5448,0.12
5449,0.03
5450,0.09
5451,0.09
5452,0.0
5453,0.09
5454,0.01
5455,0.04
5456,0.08
5457,0.02
5458,0.03
5459,0.01
5460,0.03
5461,0.09
5462,0.08
5463,0.0
5464,0.0
5465,0.05
5466,0.11
5467,0.14
5468,0.06
5469,0.04
5470,0.01
5471,0.04
5472,0.07
5473,0.02
5474,0.01
5475,0.02
5476,0.09
5477,0.0
5478,0.09
5479,0.0
5480,0.05
5481,0.02
5482,0.06
5483,0.03
5484,0.05
5485,0.01
5486,0.01
5487,0.07
5488,0.07
5489,0.0
5490,0.04
5491,0.08
5492,0.08
5493,0.1
5494,0.01
5495,0.04
5496,0.07
5497,0.04
5498,0.09
5499,0.06
5500,0.01
5501,0.0
5502,0.08
5503,0.04
5504,0.04
5505,0.02
5506,0.01
5507,0.09
5508,0.01
5509,0.05
5510,0.0
5511,0.06
5512,0.04
5513,0.06
5514,0.11
5515,0.08
5516,0.09
5517,0.02
5518,0.03
5519,0.09
5520,0.0
5521,0.06
5522,0.04
5523,0.06
5524,0.02
5525,0.05
5526,0.0
5527,0.08
5528,0.03
5529,0.01
5530,0.09
5531,0.03
5532,0.01
5533,0.0
5534,0.04
5535,0.01
5536,0.02
5537,0.07
5538,0.03
5539,0.01
5540,0.0
5541,0.01
5542,0.07
5543,0.05
5544,0.0
5545,0.06
5546,0.1
5547,0.06
5548,0.05
5549,0.0
5550,0.07
5551,0.08
5552,0.04
5553,0.0
5554,0.0
5555,0.13
5556,0.09
5557,0.0
5558,0.06
5559,0.1
5560,0.03
5561,0.0
5562,0.07
5563,0.05
5564,0.02
5565,0.19
5566,0.09
5567,0.0
5568,0.05
5569,0.01
5570,0.04
5571,0.02
5572,0.03
5573,0.05
5574,0.0
5575,0.0
5576,0.0
5577,0.05
5578,0.0
5579,0.02
5580,0.01
5581,0.1
5582,0.03
5583,0.02
5584,0.05
5585,0.0
5586,0.04
5587,0.09
5588,0.03
5589,0.02
5590,0.02
5591,0.02
5592,0.03
5593,0.01
5594,0.0
5595,0.0
5596,0.05
5597,0.04
5598,0.06
5599,0.14
5600,0.0
5601,0.01
5602,0.11
5603,0.0
5604,0.07
5605,0.03
5606,0.03
5607,0.01
5608,0.0
5609,0.08
5610,0.0
5611,0.0
5612,0.01
5613,0.0
5614,0.07
5615,0.08
5616,0.05
5617,0.05
5618,0.03
5619,0.03
5620,0.0
5621,0.08
5622,0.06
5623,0.02
5624,0.06
5625,0.05
5626,0.01
5627,0.14
5628,0.07
5629,0.04
5630,0.02
5631,0.13
5632,0.09
5633,0.03
5634,0.0
5635,0.16
5636,0.09
5637,0.04
5638,0.04
5639,0.04
5640,0.0
5641,0.12
5642,0.1
5643,0.0
5644,0.01
5645,0.05
5646,0.05
5647,0.08
5648,0.09
5649,0.07
5650,0.04
5651,0.03
5652,0.01
5653,0.01
5654,0.13
5655,0.01
5656,0.01
5657,0.12
5658,0.03
5659,0.06
5660,0.05
5661,0.11
5662,0.02
5663,0.06
5664,0.01
5665,0.07
5666,0.02
5667,0.0
5668,0.07
5669,0.09
5670,0.05
5671,0.1
5672,0.07
5673,0.03
5674,0.0
5675,0.02
5676,0.07
5677,0.04
5678,0.0
5679,0.1
5680,0.02
5681,0.06
5682,0.05
5683,0.07
5684,0.0
5685,0.0
5686,0.09
5687,0.01
5688,0.05
5689,0.06
5690,0.01
5691,0.04
5692,0.13
5693,0.02
5694,0.0
5695,0.01
5696,0.02
5697,0.11
5698,0.03
5699,0.02
5700,0.08
5701,0.03
5702,0.04
5703,0.0
5704,0.02
5705,0.04
5706,0.01
5707,0.04
5708,0.05
5709,0.03
5710,0.14
5711,0.04
5712,0.01
5713,0.02
5714,0.07
5715,0.02
5716,0.02
5717,0.12
5718,0.05
5719,0.05
5720,0.03
5721,0.0
5722,0.01
5723,0.08
5724,0.0
5725,0.05
5726,0.01
5727,0.11
5728,0.0
5729,0.05
5730,0.02
5731,0.04
5732,0.08
5733,0.02
5734,0.04
5735,0.01
5736,0.02
5737,0.07
5738,0.01
5739,0.0
5740,0.03
5741,0.01
5742,0.0
5743,0.08
5744,0.07
5745,0.04
5746,0.03
5747,0.07
5748,0.02
5749,0.02
5750,0.04
5751,0.03
5752,0.0
5753,0.06
5754,0.02
5755,0.03
5756,0.01
5757,0.08
5758,0.03
5759,0.03
5760,0.15
5761,0.04
5762,0.06
5763,0.04
5764,0.01
5765,0.01
5766,0.01
5767,0.03
5768,0.0
5769,0.09
5770,0.04
5771,0.0
5772,0.04
5773,0.04
5774,0.06
5775,0.08
5776,0.03
5777,0.1
5778,0.0
5779,0.0
5780,0.1
5781,0.1
5782,0.02
5783,0.06
5784,0.04
5785,0.04
5786,0.0
5787,0.0
5788,0.02
5789,0.1
5790,0.14
5791,0.06
5792,0.08
5793,0.07
5794,0.1
5795,0.02
5796,0.05
5797,0.0
5798,0.02
5799,0.0
5800,0.03
5801,0.04
5802,0.09
5803,0.05
5804,0.03
5805,0.11
5806,0.02
5807,0.04
5808,0.0
5809,0.08
5810,0.0
5811,0.13
5812,0.0
5813,0.03
5814,0.08
5815,0.0
5816,0.02
5817,0.01
5818,0.04
5819,0.07
5820,0.06
5821,0.07
5822,0.04
5823,0.04
5824,0.01
5825,0.0
5826,0.08
5827,0.04
5828,0.02
5829,0.04
5830,0.09
5831,0.11
5832,0.1
5833,0.05
5834,0.04
5835,0.09
5836,0.07
5837,0.06
5838,0.06
5839,0.05
5840,0.05
5841,0.12
5842,0.0
5843,0.0
5844,0.0
5845,0.05
5846,0.03
5847,0.0
5848,0.05
5849,0.03
5850,0.02
5851,0.05
5852,0.13
5853,0.01
5854,0.08
5855,0.0
5856,0.07
5857,0.13
5858,0.11
5859,0.05
5860,0.11
5861,0.0
5862,0.02
5863,0.04
5864,0.08
5865,0.09
5866,0.07
5867,0.0
5868,0.0
5869,0.12
5870,0.02
5871,0.08
5872,0.1
5873,0.03
5874,0.11
5875,0.0
5876,0.01
5877,0.12
5878,0.01
5879,0.0
5880,0.05
5881,0.04
5882,0.14
5883,0.08
5884,0.09
5885,0.11
5886,0.05
5887,0.04
5888,0.05
5889,0.04
5890,0.08
5891,0.02
5892,0.09
5893,0.11
5894,0.0
5895,0.05
5896,0.01
5897,0.03
5898,0.0
5899,0.0
5900,0.04
5901,0.13
5902,0.11
5903,0.03
5904,0.02
5905,0.0
5906,0.03
5907,0.06
5908,0.07
5909,0.09
5910,0.02
5911,0.11
5912,0.06
5913,0.0
5914,0.0
5915,0.02
5916,0.15
5917,0.09
5918,0.09
5919,0.02
5920,0.02
5921,0.0
5922,0.02
5923,0.01
5924,0.04
5925,0.1
5926,0.03
5927,0.11
5928,0.03
5929,0.05
5930,0.04
5931,0.06
5932,0.0
5933,0.04
5934,0.02
5935,0.0
5936,0.06
5937,0.0
5938,0.07
5939,0.01
5940,0.06
5941,0.0
5942,0.09
5943,0.06
5944,0.08
5945,0.01
5946,0.07
5947,0.01
5948,0.01
5949,0.06
5950,0.02
5951,0.03
5952,0.0
5953,0.0
5954,0.08
5955,0.01
5956,0.04
5957,0.02
5958,0.14
5959,0.06
5960,0.07
5961,0.04
5962,0.01
5963,0.02
5964,0.07
5965,0.09
5966,0.1
5967,0.09
5968,0.01
5969,0.02
5970,0.03
5971,0.05
5972,0.04
5973,0.0
5974,0.02
5975,0.02
5976,0.01
5977,0.08
5978,0.01
5979,0.01
5980,0.11
5981,0.0
5982,0.05
5983,0.01
5984,0.03
5985,0.0
5986,0.12
5987,0.06
5988,0.1
5989,0.03
5990,0.02
5991,0.03
5992,0.05
5993,0.06
5994,0.02
5995,0.07
5996,0.09
5997,0.0
5998,0.09
5999,0.08
6000,0.01
6001,0.14
6002,0.02
6003,0.0
6004,0.06
6005,0.02
6006,0.07
6007,0.03
6008,0.11
6009,0.06
6010,0.0
6011,0.1
6012,0.05
6013,0.06
6014,0.02
6015,0.05
6016,0.0
6017,0.17
6018,0.0
6019,0.1
6020,0.05
6021,0.12
6022,0.0
6023,0.05
6024,0.01
6025,0.01
6026,0.04
6027,0.06
6028,0.02
6029,0.11
6030,0.08
6031,0.04
6032,0.01
6033,0.02
6034,0.03
6035,0.06
6036,0.05
6037,0.0
6038,0.03
6039,0.02
6040,0.03
6041,0.0
6042,0.1
6043,0.0
6044,0.02
6045,0.08
6046,0.04
6047,0.02
6048,0.01
6049,0.05
6050,0.08
6051,0.03
6052,0.04
6053,0.0
6054,0.08
6055,0.02
6056,0.06
6057,0.07
6058,0.09
6059,0.08
6060,0.04
6061,0.07
6062,0.0
6063,0.04
6064,0.0
6065,0.05
6066,0.02
6067,0.03
6068,0.01
6069,0.06
6070,0.01
6071,0.08
6072,0.16
6073,0.03
6074,0.08
6075,0.0
6076,0.04
6077,0.07
6078,0.06
6079,0.09
6080,0.01
6081,0.06
6082,0.1
6083,0.08
6084,0.05
6085,0.02
6086,0.1
6087,0.1
6088,0.04
6089,0.05
6090,0.04
6091,0.0
6092,0.05
6093,0.0
6094,0.03
6095,0.04
6096,0.09
6097,0.04
6098,0.04
6099,0.06
6100,0.06
6101,0.02
6102,0.07
6103,0.02
6104,0.02
6105,0.08
6106,0.07
6107,0.04
6108,0.17
6109,0.06
6110,0.02
6111,0.06
6112,0.04
6113,0.0
6114,0.05
6115,0.05
6116,0.01
6117,0.1
6118,0.01
6119,0.05
6120,0.0
6121,0.12
6122,0.06
6123,0.03
6124,0.05
6125,0.04
6126,0.05
6127,0.09
6128,0.02
6129,0.04
6130,0.05
6131,0.05
6132,0.17
6133,0.0
6134,0.12
6135,0.02
6136,0.0
6137,0.07
6138,0.0
6139,0.05
6140,0.09
6141,0.05
6142,0.0
6143,0.03
6144,0.02
6145,0.01
6146,0.09
6147,0.03
6148,0.01
6149,0.0
6150,0.03
6151,0.05
6152,0.01
6153,0.13
6154,0.04
6155,0.05
6156,0.01
6157,0.0
6158,0.0
6159,0.08
6160,0.01
6161,0.15
6162,0.01
6163,0.07
6164,0.01
6165,0.03
6166,0.01
6167,0.11
6168,0.06
6169,0.0
6170,0.04
6171,0.05
6172,0.07
6173,0.03
6174,0.03
6175,0.02
6176,0.07
6177,0.05
6178,0.06
6179,0.02
6180,0.1
6181,0.04
6182,0.1
6183,0.08
6184,0.05
6185,0.01
6186,0.03
6187,0.04
6188,0.0
6189,0.02
6190,0.06
6191,0.07
6192,0.06
6193,0.05
6194,0.06
6195,0.03
6196,0.04
6197,0.01
6198,0.07
6199,0.0
6200,0.02
6201,0.0
6202,0.0
6203,0.0
6204,0.13
6205,0.02
6206,0.01
6207,0.03
6208,0.07
6209,0.03
6210,0.02
6211,0.06
6212,0.02
6213,0.01
6214,0.04
6215,0.02
6216,0.09
6217,0.04
6218,0.14
6219,0.03
6220,0.01
6221,0.07
6222,0.07
6223,0.0
6224,0.05
6225,0.01
6226,0.0
6227,0.0
6228,0.01
6229,0.07
6230,0.06
6231,0.03
6232,0.07
6233,0.15
6234,0.08
6235,0.01
6236,0.02
6237,0.04
6238,0.0
6239,0.1
6240,0.01
6241,0.02
6242,0.14
6243,0.06
6244,0.01
6245,0.0
6246,0.02
6247,0.05
6248,0.01
6249,0.01
6250,0.05
6251,0.13
6252,0.01
6253,0.0
6254,0.05
6255,0.02
6256,0.07
6257,0.11
6258,0.03
6259,0.04
6260,0.04
6261,0.05
6262,0.09
6263,0.11
6264,0.01
6265,0.07
6266,0.01
6267,0.01
6268,0.07
6269,0.12
6270,0.01
6271,0.11
6272,0.06
6273,0.1
6274,0.0
6275,0.08
6276,0.06
6277,0.05
6278,0.01
6279,0.02
6280,0.04
6281,0.0
6282,0.0
6283,0.1
6284,0.07
6285,0.0
6286,0.15
6287,0.07
6288,0.03
6289,0.0
6290,0.07
6291,0.04
6292,0.04
6293,0.05
6294,0.05
6295,0.02
6296,0.11
6297,0.11
6298,0.0
6299,0.03
6300,0.14
6301,0.12
6302,0.08
6303,0.06
6304,0.0
6305,0.01
6306,0.0
6307,0.0
6308,0.04
6309,0.02
6310,0.1
6311,0.09
6312,0.04
6313,0.02
6314,0.05
6315,0.04
6316,0.15
6317,0.14
6318,0.04
6319,0.09
6320,0.06
6321,0.13
6322,0.04
6323,0.02
6324,0.01
6325,0.05
6326,0.07
6327,0.09
6328,0.12
6329,0.0
6330,0.07
6331,0.03
6332,0.0
6333,0.06
6334,0.01
6335,0.02
6336,0.09
6337,0.0
6338,0.0
6339,0.0
6340,0.02
6341,0.0
6342,0.04
6343,0.03
6344,0.02
6345,0.11
6346,0.08
6347,0.03
6348,0.1
6349,0.0
6350,0.05
6351,0.05
6352,0.07
6353,0.08
6354,0.05
6355,0.06
6356,0.0
6357,0.07
6358,0.05
6359,0.0
6360,0.0
6361,0.06
6362,0.02
6363,0.0
6364,0.07
6365,0.07
6366,0.1
6367,0.03
6368,0.0
6369,0.02
6370,0.02
6371,0.03
6372,0.05
6373,0.09
6374,0.04
6375,0.03
6376,0.05
6377,0.07
6378,0.0
6379,0.0
6380,0.04
6381,0.0
6382,0.1
6383,0.08
6384,0.04
6385,0.01
6386,0.0
6387,0.02
6388,0.07
6389,0.04
6390,0.02
6391,0.05
6392,0.01
6393,0.01
6394,0.11
6395,0.0
6396,0.04
6397,0.0
6398,0.08
6399,0.03
6400,0.04
6401,0.12
6402,0.14
6403,0.02
6404,0.09
6405,0.02
6406,0.1
6407,0.11
6408,0.03
6409,0.01
6410,0.0
6411,0.07
6412,0.04
6413,0.06
6414,0.12
6415,0.02
6416,0.0
6417,0.01
6418,0.08
6419,0.03
6420,0.03
6421,0.0
6422,0.04
6423,0.12
6424,0.03
6425,0.08
6426,0.01
6427,0.03
6428,0.0
6429,0.09
6430,0.11
6431,0.02
6432,0.0
6433,0.05
6434,0.0
6435,0.09
6436,0.01
6437,0.05
6438,0.04
6439,0.01
6440,0.06
6441,0.02
6442,0.05
6443,0.08
6444,0.07
6445,0.03
6446,0.11
6447,0.02
6448,0.01
6449,0.02
6450,0.01
6451,0.02
6452,0.04
6453,0.0
6454,0.0
6455,0.02
6456,0.01
6457,0.04
6458,0.0
6459,0.01
6460,0.07
6461,0.02
6462,0.15
6463,0.01
6464,0.03
6465,0.0
6466,0.06
6467,0.08
6468,0.04
6469,0.03
6470,0.0
6471,0.0
6472,0.0
6473,0.01
6474,0.08
6475,0.03
6476,0.02
6477,0.06
6478,0.02
6479,0.01
6480,0.03
6481,0.0
6482,0.1
6483,0.02
6484,0.0
6485,0.0
6486,0.02
6487,0.01
6488,0.01
6489,0.03
6490,0.0
6491,0.02
6492,0.11
6493,0.06
6494,0.04
6495,0.0
6496,0.05
6497,0.01
6498,0.0
6499,0.04
6500,0.01
6501,0.05
6502,0.08
6503,0.02
6504,0.06
6505,0.02
6506,0.03
6507,0.14
6508,0.0
6509,0.04
6510,0.0
6511,0.08
6512,0.03
6513,0.06
6514,0.06
6515,0.01
6516,0.03
6517,0.03
6518,0.0
6519,0.04
6520,0.01
6521,0.06
6522,0.01
6523,0.11
6524,0.04
6525,0.07
6526,0.0
6527,0.05
6528,0.07
6529,0.07
6530,0.12
6531,0.13
6532,0.02
6533,0.05
6534,0.04
6535,0.03
6536,0.04
6537,0.04
6538,0.08
6539,0.0
6540,0.08
6541,0.05
6542,0.12
6543,0.01
6544,0.03
6545,0.0
6546,0.06
6547,0.01
6548,0.05
6549,0.03
6550,0.02
6551,0.01
6552,0.06
6553,0.14
6554,0.06
6555,0.11
6556,0.08
6557,0.1
6558,0.02
6559,0.06
6560,0.08
6561,0.01
6562,0.14
6563,0.05
6564,0.08
6565,0.03
6566,0.03
6567,0.05
6568,0.03
6569,0.04
6570,0.1
6571,0.02
6572,0.09
6573,0.0
6574,0.06
6575,0.06
6576,0.08
6577,0.11
6578,0.03
6579,0.08
6580,0.1
6581,0.12
6582,0.03
6583,0.01
6584,0.12
6585,0.05
6586,0.01
6587,0.0
6588,0.05
6589,0.01
6590,0.03
6591,0.08
6592,0.02
6593,0.02
6594,0.07
6595,0.07
6596,0.01
6597,0.01
6598,0.02
6599,0.01
6600,0.1
6601,0.03
6602,0.02
6603,0.01
6604,0.16
6605,0.09
6606,0.0
6607,0.09
6608,0.01
6609,0.0
6610,0.06
6611,0.01
6612,0.0
6613,0.05
6614,0.05
6615,0.04
6616,0.01
6617,0.11
6618,0.02
6619,0.01
6620,0.01
6621,0.03
6622,0.01
6623,0.01
6624,0.06
6625,0.08
6626,0.05
6627,0.08
6628,0.14
6629,0.07
6630,0.0
6631,0.07
6632,0.07
6633,0.05
6634,0.01
6635,0.0
6636,0.05
6637,0.07
6638,0.0
6639,0.04
6640,0.01
6641,0.06
6642,0.07
6643,0.01
6644,0.06
6645,0.05
6646,0.1
6647,0.03
6648,0.04
6649,0.04
6650,0.08
6651,0.09
6652,0.04
6653,0.07
6654,0.06
6655,0.0
6656,0.09
6657,0.09
6658,0.01
6659,0.02
6660,0.06
6661,0.07
6662,0.02
6663,0.01
6664,0.01
6665,0.0
6666,0.0
6667,0.07
6668,0.03
6669,0.08
6670,0.0
6671,0.03
6672,0.08
6673,0.05
6674,0.04
6675,0.01
6676,0.01
6677,0.12
6678,0.06
6679,0.08
6680,0.02
6681,0.01
6682,0.09
6683,0.07
6684,0.08
6685,0.04
6686,0.0
6687,0.11
6688,0.02
6689,0.08
6690,0.02
6691,0.06
6692,0.02
6693,0.05
6694,0.01
6695,0.03
6696,0.0
6697,0.05
6698,0.1
6699,0.02
6700,0.0
6701,0.0
6702,0.0
6703,0.05
6704,0.0
6705,0.08
6706,0.09
6707,0.04
6708,0.04
6709,0.08
6710,0.03
6711,0.03
6712,0.06
6713,0.04
6714,0.01
6715,0.03
6716,0.05
6717,0.0
6718,0.1
6719,0.08
6720,0.03
6721,0.0
6722,0.07
6723,0.08
6724,0.1
6725,0.0
6726,0.0
6727,0.01
6728,0.08
6729,0.04
6730,0.04
6731,0.07
6732,0.02
6733,0.06
6734,0.15
6735,0.02
6736,0.05
6737,0.01
6738,0.03
6739,0.07
6740,0.02
6741,0.01
6742,0.0
6743,0.02
6744,0.02
6745,0.07
6746,0.02
6747,0.1
6748,0.0
6749,0.02
6750,0.06
6751,0.07
6752,0.0
6753,0.04
6754,0.02
6755,0.06
6756,0.04
6757,0.04
6758,0.01
6759,0.01
6760,0.05
6761,0.12
6762,0.0
6763,0.11
6764,0.07
6765,0.02
6766,0.02
6767,0.01
6768,0.0
6769,0.01
6770,0.0
6771,0.05
6772,0.02
6773,0.05
6774,0.03
6775,0.03
6776,0.01
6777,0.02
6778,0.08
6779,0.06
6780,0.07
6781,0.07
6782,0.01
6783,0.02
6784,0.1
6785,0.1
6786,0.03
6787,0.13
6788,0.08
6789,0.04
6790,0.05
6791,0.03
6792,0.0
6793,0.09
6794,0.13
6795,0.03
6796,0.03
6797,0.08
6798,0.07
6799,0.03
6800,0.06
6801,0.05
6802,0.04
6803,0.0
6804,0.01
6805,0.01
6806,0.03
6807,0.04
6808,0.09
6809,0.05
6810,0.0
6811,0.07
6812,0.03
6813,0.0
6814,0.01
6815,0.1
6816,0.11
6817,0.0
6818,0.1
6819,0.11
6820,0.11
6821,0.07
6822,0.05
6823,0.0
6824,0.01
6825,0.1
6826,0.0
6827,0.02
6828,0.03
6829,0.05
6830,0.05
6831,0.01
6832,0.07
6833,0.06
6834,0.0
6835,0.02
6836,0.03
6837,0.06
6838,0.02
6839,0.09
6840,0.1
6841,0.18
6842,0.06
6843,0.02
6844,0.02
6845,0.05
6846,0.19
6847,0.07
6848,0.0
6849,0.03
6850,0.02
6851,0.01
6852,0.02
6853,0.02
6854,0.07
6855,0.03
6856,0.02
6857,0.0
6858,0.04
6859,0.04
6860,0.01
6861,0.08
6862,0.09
6863,0.06
6864,0.05
6865,0.01
6866,0.01
6867,0.02
6868,0.01
6869,0.1
6870,0.05
6871,0.13
6872,0.0
6873,0.12
6874,0.02
6875,0.08
6876,0.11
6877,0.05
6878,0.04
6879,0.04
6880,0.06
6881,0.11
6882,0.03
6883,0.09
6884,0.03
6885,0.07
6886,0.0
6887,0.03
6888,0.01
6889,0.05
6890,0.03
6891,0.12
6892,0.01
6893,0.04
6894,0.01
6895,0.02
6896,0.02
6897,0.01
6898,0.05
6899,0.11
6900,0.0
6901,0.01
6902,0.03
6903,0.05
6904,0.06
6905,0.05
6906,0.07
6907,0.08
6908,0.09
6909,0.02
6910,0.0
6911,0.04
6912,0.03
6913,0.09
6914,0.05
6915,0.02
6916,0.08
6917,0.01
6918,0.16
6919,0.11
6920,0.12
6921,0.04
6922,0.1
6923,0.06
6924,0.04
6925,0.01
6926,0.12
6927,0.02
6928,0.01
6929,0.09
6930,0.01
6931,0.09
6932,0.05
6933,0.12
6934,0.08
6935,0.03
6936,0.06
6937,0.08
6938,0.16
6939,0.05
6940,0.04
6941,0.08
6942,0.11
6943,0.02
6944,0.01
6945,0.02
6946,0.0
6947,0.06
6948,0.01
6949,0.03
6950,0.06
6951,0.06
6952,0.05
6953,0.03
6954,0.12
6955,0.04
6956,0.07
6957,0.0
6958,0.02
6959,0.14
6960,0.01
6961,0.0
6962,0.1
6963,0.01
6964,0.05
6965,0.07
6966,0.0
6967,0.04
6968,0.06
6969,0.04
6970,0.08
6971,0.06
6972,0.04
6973,0.11
6974,0.02
6975,0.13
6976,0.04
6977,0.06
6978,0.1
6979,0.0
6980,0.04
6981,0.0
6982,0.02
6983,0.04
6984,0.08
6985,0.01
6986,0.03
6987,0.01
6988,0.04
6989,0.06
6990,0.02
6991,0.01
6992,0.08
6993,0.01
6994,0.0
6995,0.1
6996,0.04
6997,0.0
6998,0.01
6999,0.0
7000,0.09
7001,0.1
7002,0.05
7003,0.02
7004,0.07
7005,0.09
7006,0.05
7007,0.04
7008,0.0
7009,0.07
7010,0.07
7011,0.07
7012,0.0
7013,0.03
7014,0.0
7015,0.12
7016,0.03
7017,0.08
7018,0.03
7019,0.03
7020,0.05
7021,0.04
7022,0.06
7023,0.0
7024,0.03
7025,0.04
7026,0.01
7027,0.1
7028,0.03
7029,0.09
7030,0.01
7031,0.02
7032,0.05
7033,0.05
7034,0.01
7035,0.09
7036,0.03
7037,0.01
7038,0.06
7039,0.05
7040,0.04
7041,0.03
7042,0.09
7043,0.14
7044,0.07
7045,0.06
7046,0.05
7047,0.02
7048,0.13
7049,0.06
7050,0.03
7051,0.02
7052,0.11
7053,0.11
7054,0.1
7055,0.0
7056,0.08
7057,0.06
7058,0.08
7059,0.01
7060,0.07
7061,0.05
7062,0.03
7063,0.05
7064,0.1
7065,0.02
7066,0.0
7067,0.01
7068,0.06
7069,0.02
7070,0.06
7071,0.05
7072,0.07
7073,0.0
7074,0.0
7075,0.1
7076,0.01
7077,0.0
7078,0.07
7079,0.05
7080,0.0
7081,0.03
7082,0.01
7083,0.06
7084,0.07
7085,0.02
7086,0.01
7087,0.0
7088,0.06
7089,0.03
7090,0.09
7091,0.02
7092,0.02
7093,0.0
7094,0.06
7095,0.05
7096,0.1
7097,0.01
7098,0.03
7099,0.03
7100,0.07
7101,0.01
7102,0.01
7103,0.11
7104,0.02
7105,0.07
7106,0.01
7107,0.05
7108,0.03
7109,0.07
7110,0.02
7111,0.05
7112,0.04
7113,0.03
7114,0.04
7115,0.02
7116,0.0
7117,0.01
7118,0.06
7119,0.05
7120,0.0
7121,0.0
7122,0.08
7123,0.03
7124,0.16
7125,0.09
7126,0.01
7127,0.04
7128,0.06
7129,0.03
7130,0.01
7131,0.02
7132,0.07
7133,0.03
7134,0.01
7135,0.09
7136,0.04
7137,0.12
7138,0.0
7139,0.04
7140,0.02
7141,0.02
7142,0.02
7143,0.12
7144,0.14
7145,0.08
7146,0.08
7147,0.0
7148,0.05
7149,0.01
7150,0.01
7151,0.02
7152,0.1
7153,0.09
7154,0.1
7155,0.1
7156,0.06
7157,0.0
7158,0.04
7159,0.07
7160,0.06
7161,0.02
7162,0.0
7163,0.02
7164,0.08
7165,0.01
7166,0.0
7167,0.08
7168,0.02
7169,0.11
7170,0.01
7171,0.12
7172,0.01
7173,0.03
7174,0.13
7175,0.06
7176,0.01
7177,0.02
7178,0.07
7179,0.07
7180,0.01
7181,0.03
7182,0.0
7183,0.06
7184,0.05
7185,0.04
7186,0.07
7187,0.06
7188,0.01
7189,0.0
7190,0.08
7191,0.07
7192,0.04
7193,0.01
7194,0.06
7195,0.12
7196,0.01
7197,0.08
7198,0.03
7199,0.09
7200,0.07
7201,0.02
7202,0.01
7203,0.02
7204,0.09
7205,0.02
7206,0.07
7207,0.03
7208,0.05
7209,0.02
7210,0.08
7211,0.02
7212,0.01
7213,0.07
7214,0.07
7215,0.0
7216,0.03
7217,0.0
7218,0.1
7219,0.04
7220,0.0
7221,0.09
7222,0.02
7223,0.06
7224,0.09
7225,0.0
7226,0.11
7227,0.05
7228,0.02
7229,0.02
7230,0.0
7231,0.0
7232,0.03
7233,0.01
7234,0.08
7235,0.08
7236,0.01
7237,0.03
7238,0.02
7239,0.02
7240,0.07
7241,0.01
7242,0.06
7243,0.11
7244,0.06
7245,0.02
7246,0.08
7247,0.01
7248,0.1
7249,0.06
7250,0.0
7251,0.0
7252,0.04
7253,0.1
7254,0.0
7255,0.01
7256,0.04
7257,0.0
7258,0.1
7259,0.15
7260,0.12
7261,0.03
7262,0.06
7263,0.1
7264,0.04
7265,0.02
7266,0.05
7267,0.02
7268,0.04
7269,0.05
7270,0.02
7271,0.04
7272,0.01
7273,0.02
7274,0.0
7275,0.05
7276,0.08
7277,0.04
7278,0.1
7279,0.0
7280,0.01
7281,0.07
7282,0.01
7283,0.07
7284,0.01
7285,0.01
7286,0.07
7287,0.01
7288,0.03
7289,0.0
7290,0.01
7291,0.03
7292,0.0
7293,0.04
7294,0.03
7295,0.14
7296,0.0
7297,0.01
7298,0.08
7299,0.08
7300,0.08
7301,0.08
7302,0.03
7303,0.01
7304,0.0
7305,0.06
7306,0.0
7307,0.13
7308,0.1
7309,0.03
7310,0.08
7311,0.08
7312,0.01
7313,0.01
7314,0.06
7315,0.1
7316,0.02
7317,0.09
7318,0.15
7319,0.0
7320,0.08
7321,0.06
7322,0.0
7323,0.0
7324,0.13
7325,0.06
7326,0.05
7327,0.0
7328,0.06
7329,0.05
7330,0.01
7331,0.05
7332,0.02
7333,0.0
7334,0.02
7335,0.01
7336,0.11
7337,0.0
7338,0.05
7339,0.01
7340,0.01
7341,0.04
7342,0.06
7343,0.01
7344,0.03
7345,0.02
7346,0.01
7347,0.08
7348,0.01
7349,0.01
7350,0.08
7351,0.11
7352,0.08
7353,0.01
7354,0.01
7355,0.0
7356,0.01
7357,0.07
7358,0.01
7359,0.0
7360,0.05
7361,0.0
7362,0.01
7363,0.05
7364,0.04
7365,0.03
7366,0.05
7367,0.1
7368,0.02
7369,0.04
7370,0.1
7371,0.02
7372,0.02
7373,0.02
7374,0.04
7375,0.07
7376,0.01
7377,0.07
7378,0.01
7379,0.02
7380,0.06
7381,0.04
7382,0.08
7383,0.06
7384,0.08
7385,0.0
7386,0.01
7387,0.13
7388,0.08
7389,0.04
7390,0.04
7391,0.08
7392,0.08
7393,0.13
7394,0.02
7395,0.02
7396,0.02
7397,0.02
7398,0.03
7399,0.02
7400,0.01
7401,0.03
7402,0.11
7403,0.03
7404,0.0
7405,0.07
7406,0.08
7407,0.09
7408,0.03
7409,0.06
7410,0.05
7411,0.06
7412,0.01
7413,0.0
7414,0.04
7415,0.04
7416,0.09
7417,0.05
7418,0.0
7419,0.01
7420,0.11
7421,0.01
7422,0.0
7423,0.04
7424,0.01
7425,0.09
7426,0.03
7427,0.06
7428,0.07
7429,0.0
7430,0.01
7431,0.05
7432,0.01
7433,0.06
7434,0.02
7435,0.0
7436,0.12
7437,0.04
7438,0.02
7439,0.07
7440,0.05
7441,0.0
7442,0.1
7443,0.05
7444,0.03
7445,0.0
7446,0.02
7447,0.03
7448,0.05
7449,0.06
7450,0.08
7451,0.07
7452,0.07
7453,0.0
7454,0.0
7455,0.02
7456,0.04
7457,0.12
7458,0.0
7459,0.04
7460,0.05
7461,0.04
7462,0.0
7463,0.02
7464,0.02
7465,0.03
7466,0.08
7467,0.05
7468,0.0
7469,0.05
7470,0.04
7471,0.05
7472,0.04
7473,0.02
7474,0.01
7475,0.01
7476,0.07
7477,0.11
7478,0.02
7479,0.07
7480,0.01
7481,0.0
7482,0.03
7483,0.06
7484,0.03
7485,0.08
7486,0.0
7487,0.03
7488,0.02
7489,0.05
7490,0.13
7491,0.01
7492,0.03
7493,0.1
7494,0.01
7495,0.02
7496,0.08
7497,0.1
7498,0.07
7499,0.04
7500,0.0
7501,0.0
7502,0.02
7503,0.01
7504,0.07
7505,0.06
7506,0.04
7507,0.11
7508,0.08
7509,0.11
7510,0.05
7511,0.04
7512,0.17
7513,0.02
7514,0.07
7515,0.01
7516,0.02
7517,0.02
7518,0.07
7519,0.02
7520,0.1
7521,0.01
7522,0.0
7523,0.04
7524,0.1
7525,0.09
7526,0.02
7527,0.0
7528,0.02
7529,0.15
7530,0.05
7531,0.01
7532,0.08
7533,0.11
7534,0.06
7535,0.04
7536,0.04
7537,0.01
7538,0.04
7539,0.09
7540,0.06
7541,0.0
7542,0.11
7543,0.02
7544,0.1
7545,0.04
7546,0.0
7547,0.01
7548,0.0
7549,0.0
7550,0.01
7551,0.05
7552,0.08
7553,0.01
7554,0.03
7555,0.0
7556,0.06
7557,0.0
7558,0.09
7559,0.0
7560,0.03
7561,0.0
7562,0.07
7563,0.06
7564,0.05
7565,0.07
7566,0.02
7567,0.02
7568,0.05
7569,0.0
7570,0.02
7571,0.07
7572,0.03
7573,0.04
7574,0.08
7575,0.06
7576,0.02
7577,0.01
7578,0.0
7579,0.12
7580,0.08
7581,0.06
7582,0.1
7583,0.05
7584,0.11
7585,0.0
7586,0.14
7587,0.04
7588,0.06
7589,0.07
7590,0.02
7591,0.11
7592,0.0
7593,0.03
7594,0.03
7595,0.09
7596,0.13
7597,0.0
7598,0.08
7599,0.09
7600,0.02
7601,0.0
7602,0.03
7603,0.01
7604,0.12
7605,0.07
7606,0.02
7607,0.14
7608,0.0
7609,0.05
7610,0.1
7611,0.01
7612,0.07
7613,0.01
7614,0.04
7615,0.06
7616,0.04
7617,0.01
7618,0.01
7619,0.05
7620,0.04
7621,0.0
7622,0.03
7623,0.08
7624,0.06
7625,0.0
7626,0.03
7627,0.11
7628,0.06
7629,0.06
7630,0.05
7631,0.01
7632,0.1
7633,0.08
7634,0.02
7635,0.07
7636,0.08
7637,0.0
7638,0.07
7639,0.12
7640,0.0
7641,0.01
7642,0.01
7643,0.1
7644,0.04
7645,0.14
7646,0.0
7647,0.11
7648,0.11
7649,0.09
7650,0.01
7651,0.13
7652,0.02
7653,0.0
7654,0.0
7655,0.0
7656,0.02
7657,0.17
7658,0.04
7659,0.09
7660,0.1
7661,0.06
7662,0.1
7663,0.06
7664,0.09
7665,0.11
7666,0.07
7667,0.06
7668,0.05
7669,0.05
7670,0.01
7671,0.02
7672,0.03
7673,0.1
7674,0.09
7675,0.02
7676,0.14
7677,0.02
7678,0.0
7679,0.08
7680,0.01
7681,0.04
7682,0.12
7683,0.09
7684,0.07
7685,0.01
7686,0.0
7687,0.1
7688,0.08
7689,0.05
7690,0.11
7691,0.08
7692,0.05
7693,0.05
7694,0.01
7695,0.06
7696,0.12
7697,0.07
7698,0.0
7699,0.07
7700,0.08
7701,0.14
7702,0.12
7703,0.02
7704,0.03
7705,0.08
7706,0.01
7707,0.09
7708,0.01
7709,0.01
7710,0.0
7711,0.06
7712,0.05
7713,0.04
7714,0.01
7715,0.0
7716,0.06
7717,0.0
7718,0.06
7719,0.01
7720,0.01
7721,0.03
7722,0.07
7723,0.0
7724,0.09
7725,0.07
7726,0.11
7727,0.03
7728,0.04
7729,0.04
7730,0.02
7731,0.01
7732,0.05
7733,0.11
7734,0.07
7735,0.06
7736,0.05
7737,0.03
7738,0.04
7739,0.01
7740,0.02
7741,0.04
7742,0.13
7743,0.1
7744,0.0
7745,0.01
7746,0.08
7747,0.05
7748,0.13
7749,0.09
7750,0.07
7751,0.07
7752,0.0
7753,0.04
7754,0.02
7755,0.01
7756,0.0
7757,0.05
7758,0.02
7759,0.04
7760,0.0
7761,0.02
7762,0.07
7763,0.0
7764,0.02
7765,0.02
7766,0.12
7767,0.04
7768,0.01
7769,0.0
7770,0.02
7771,0.0
7772,0.05
7773,0.01
7774,0.07
7775,0.07
7776,0.03
7777,0.08
7778,0.01
7779,0.11
7780,0.11
7781,0.07
7782,0.02
7783,0.1
7784,0.03
7785,0.05
7786,0.06
7787,0.09
7788,0.02
7789,0.02
7790,0.07
7791,0.01
7792,0.12
7793,0.09
7794,0.07
7795,0.1
7796,0.0
7797,0.08
7798,0.04
7799,0.09
7800,0.11
7801,0.05
7802,0.13
7803,0.09
7804,0.04
7805,0.0
7806,0.08
7807,0.08
7808,0.1
7809,0.01
7810,0.11
7811,0.12
7812,0.09
7813,0.02
7814,0.02
7815,0.11
7816,0.1
7817,0.01
7818,0.02
7819,0.03
7820,0.02
7821,0.08
7822,0.03
7823,0.01
7824,0.05
7825,0.02
7826,0.06
7827,0.06
7828,0.01
7829,0.08
7830,0.04
7831,0.03
7832,0.0
7833,0.08
7834,0.0
7835,0.01
7836,0.0
7837,0.12
7838,0.08
7839,0.09
7840,0.06
7841,0.07
7842,0.01
7843,0.05
7844,0.0
7845,0.1
7846,0.13
7847,0.09
7848,0.07
7849,0.03
7850,0.06
7851,0.03
7852,0.1
7853,0.03
7854,0.04
7855,0.08
7856,0.03
7857,0.06
7858,0.03
7859,0.04
7860,0.01
7861,0.01
7862,0.0
7863,0.03
7864,0.05
7865,0.13
7866,0.07
7867,0.07
7868,0.05
7869,0.07
7870,0.06
7871,0.0
7872,0.09
7873,0.07
7874,0.05
7875,0.02
7876,0.07
7877,0.04
7878,0.07
7879,0.0
7880,0.05
7881,0.01
7882,0.03
7883,0.0
7884,0.09
7885,0.05
7886,0.05
7887,0.04
7888,0.0
7889,0.01
7890,0.06
7891,0.02
7892,0.04
7893,0.01
7894,0.0
7895,0.07
7896,0.09
7897,0.0
7898,0.04
7899,0.01
7900,0.09
7901,0.04
7902,0.06
7903,0.0
7904,0.02
7905,0.0
7906,0.01
7907,0.01
7908,0.04
7909,0.01
7910,0.04
7911,0.02
7912,0.05
7913,0.06
7914,0.05
7915,0.03
7916,0.09
7917,0.02
7918,0.06
7919,0.0
7920,0.06
7921,0.06
7922,0.03
7923,0.05
7924,0.03
7925,0.11
7926,0.04
7927,0.08
7928,0.09
7929,0.02
7930,0.02
7931,0.06
7932,0.05
7933,0.06
7934,0.01
7935,0.02
7936,0.0
7937,0.02
7938,0.05
7939,0.05
7940,0.01
7941,0.0
7942,0.08
7943,0.06
7944,0.03
7945,0.1
7946,0.02
7947,0.01
7948,0.02
7949,0.04
7950,0.08
7951,0.04
7952,0.08
7953,0.11
7954,0.09
7955,0.04
7956,0.01
7957,0.01
7958,0.08
7959,0.03
7960,0.01
7961,0.03
7962,0.05
7963,0.08
7964,0.09
7965,0.04
7966,0.04
7967,0.12
7968,0.0
7969,0.01
7970,0.05
7971,0.02
7972,0.07
7973,0.03
7974,0.1
7975,0.05
7976,0.05
7977,0.04
7978,0.09
7979,0.09
7980,0.07
7981,0.03
7982,0.01
7983,0.09
7984,0.01
7985,0.02
7986,0.0
7987,0.0
7988,0.07
7989,0.12
7990,0.04
7991,0.02
7992,0.0
7993,0.05
7994,0.03
7995,0.08
7996,0.07
7997,0.0
7998,0.06
7999,0.05
8000,0.02
8001,0.08
8002,0.02
8003,0.11
8004,0.07
8005,0.01
8006,0.08
8007,0.06
8008,0.0
8009,0.06
8010,0.02
8011,0.06
8012,0.14
8013,0.01
8014,0.04
8015,0.02
8016,0.08
8017,0.05
8018,0.01
8019,0.04
8020,0.0
8021,0.02
8022,0.0
8023,0.03
8024,0.05
8025,0.0
8026,0.09
8027,0.0
8028,0.09
8029,0.08
8030,0.08
8031,0.08
8032,0.02
8033,0.02
8034,0.09
8035,0.09
8036,0.06
8037,0.0
8038,0.03
8039,0.03
8040,0.04
8041,0.0
8042,0.02
8043,0.01
8044,0.01
8045,0.02
8046,0.02
8047,0.04
8048,0.02
8049,0.03
8050,0.01
8051,0.09
8052,0.0
8053,0.01
8054,0.02
8055,0.07
8056,0.11
8057,0.05
8058,0.07
8059,0.07
8060,0.02
8061,0.08
8062,0.05
8063,0.01
8064,0.09
8065,0.01
8066,0.08
8067,0.0
8068,0.1
8069,0.02
8070,0.09
8071,0.0
8072,0.04
8073,0.04
8074,0.01
8075,0.1
8076,0.0
8077,0.0
8078,0.0
8079,0.0
8080,0.01
8081,0.0
8082,0.0
8083,0.07
8084,0.04
8085,0.07
8086,0.08
8087,0.03
8088,0.07
8089,0.05
8090,0.04
8091,0.04
8092,0.01
8093,0.08
8094,0.09
8095,0.01
8096,0.06
8097,0.08
8098,0.07
8099,0.0
8100,0.08
8101,0.04
8102,0.02
8103,0.15
8104,0.09
8105,0.02
8106,0.02
8107,0.03
8108,0.15
8109,0.01
8110,0.09
8111,0.07
8112,0.09
8113,0.03
8114,0.03
8115,0.01
8116,0.04
8117,0.09
8118,0.04
8119,0.01
8120,0.09
8121,0.0
8122,0.0
8123,0.1
8124,0.09
8125,0.1
8126,0.07
8127,0.06
8128,0.04
8129,0.07
8130,0.0
8131,0.01
8132,0.01
8133,0.0
8134,0.06
8135,0.06
8136,0.08
8137,0.07
8138,0.06
8139,0.02
8140,0.02
8141,0.1
8142,0.01
8143,0.04
8144,0.07
8145,0.13
8146,0.06
8147,0.06
8148,0.0
8149,0.03
8150,0.01
8151,0.07
8152,0.08
8153,0.02
8154,0.08
8155,0.01
8156,0.07
8157,0.0
8158,0.01
8159,0.04
8160,0.06
8161,0.08
8162,0.0
8163,0.05
8164,0.02
8165,0.06
8166,0.02
8167,0.01
8168,0.04
8169,0.01
8170,0.0
8171,0.06
8172,0.05
8173,0.06
8174,0.0
8175,0.04
8176,0.05
8177,0.07
8178,0.0
8179,0.05
8180,0.0
8181,0.0
8182,0.02
8183,0.0
8184,0.07
8185,0.02
8186,0.07
8187,0.11
8188,0.02
8189,0.01
8190,0.01
8191,0.09
8192,0.04
8193,0.03
8194,0.01
8195,0.0
8196,0.04
8197,0.02
8198,0.14
8199,0.05
8200,0.0
8201,0.05
8202,0.0
8203,0.01
8204,0.01
8205,0.05
8206,0.05
8207,0.0
8208,0.05
8209,0.02
8210,0.07
8211,0.14
8212,0.15
8213,0.1
8214,0.04
8215,0.01
8216,0.05
8217,0.0
8218,0.04
8219,0.05
8220,0.0
8221,0.05
8222,0.0
8223,0.1
8224,0.12
8225,0.01
8226,0.11
8227,0.04
8228,0.05
8229,0.03
8230,0.0
8231,0.08
8232,0.01
8233,0.02
8234,0.07
8235,0.09
8236,0.06
8237,0.0
8238,0.01
8239,0.1
8240,0.02
8241,0.06
8242,0.01
8243,0.03
8244,0.1
8245,0.03
8246,0.09
8247,0.0
8248,0.11
8249,0.03
8250,0.08
8251,0.08
8252,0.07
8253,0.0
8254,0.04
8255,0.0
8256,0.05
8257,0.17
8258,0.0
8259,0.06
8260,0.11
8261,0.05
8262,0.06
8263,0.11
8264,0.0
8265,0.01
8266,0.1
8267,0.01
8268,0.06
8269,0.03
8270,0.01
8271,0.05
8272,0.0
8273,0.01
8274,0.03
8275,0.0
8276,0.01
8277,0.0
8278,0.08
8279,0.07
8280,0.01
8281,0.0
8282,0.08
8283,0.0
8284,0.01
8285,0.04
8286,0.08
8287,0.0
8288,0.0
8289,0.04
8290,0.04
8291,0.09
8292,0.06
8293,0.0
8294,0.07
8295,0.12
8296,0.1
8297,0.08
8298,0.04
8299,0.09
8300,0.0
8301,0.13
8302,0.01
8303,0.01
8304,0.01
8305,0.01
8306,0.15
8307,0.02
8308,0.01
8309,0.04
8310,0.08
8311,0.07
8312,0.0
8313,0.08
8314,0.06
8315,0.04
8316,0.06
8317,0.02
8318,0.01
8319,0.0
8320,0.0
8321,0.02
8322,0.06
8323,0.06
8324,0.03
8325,0.08
8326,0.08
8327,0.06
8328,0.08
8329,0.03
8330,0.02
8331,0.07
8332,0.05
8333,0.03
8334,0.09
8335,0.01
8336,0.0
8337,0.0
8338,0.03
8339,0.0
8340,0.11
8341,0.04
8342,0.03
8343,0.02
8344,0.01
8345,0.02
8346,0.01
8347,0.01
8348,0.09
8349,0.05
8350,0.01
8351,0.02
8352,0.01
8353,0.02
8354,0.03
8355,0.03
8356,0.01
8357,0.04
8358,0.15
8359,0.04
8360,0.02
8361,0.06
8362,0.01
8363,0.08
8364,0.08
8365,0.06
8366,0.0
8367,0.02
8368,0.03
8369,0.06
8370,0.01
8371,0.09
8372,0.05
8373,0.0
8374,0.02
8375,0.07
8376,0.0
8377,0.03
8378,0.13
8379,0.09
8380,0.0
8381,0.03
8382,0.04
8383,0.06
8384,0.09
8385,0.08
8386,0.13
8387,0.05
8388,0.06
8389,0.07
8390,0.0
8391,0.05
8392,0.03
8393,0.01
8394,0.01
8395,0.0
8396,0.07
8397,0.02
8398,0.03
8399,0.01
8400,0.0
8401,0.01
8402,0.01
8403,0.05
8404,0.1
8405,0.0
8406,0.05
8407,0.01
8408,0.06
8409,0.1
8410,0.11
8411,0.01
8412,0.01
8413,0.1
8414,0.08
8415,0.06
8416,0.03
8417,0.05
8418,0.07
8419,0.0
8420,0.04
8421,0.08
8422,0.0
8423,0.09
8424,0.05
8425,0.06
8426,0.05
8427,0.1
8428,0.08
8429,0.05
8430,0.05
8431,0.04
8432,0.08
8433,0.1
8434,0.03
8435,0.0
8436,0.05
8437,0.03
8438,0.07
8439,0.12
8440,0.03
8441,0.02
8442,0.04
8443,0.01
8444,0.01
8445,0.0
8446,0.0
8447,0.03
8448,0.12
8449,0.03
8450,0.06
8451,0.08
8452,0.08
8453,0.12
8454,0.13
8455,0.03
8456,0.12
8457,0.0
8458,0.13
8459,0.02
8460,0.02
8461,0.01
8462,0.01
8463,0.03
8464,0.03
8465,0.13
8466,0.06
8467,0.06
8468,0.04
8469,0.03
8470,0.1
8471,0.02
8472,0.07
8473,0.09
8474,0.09
8475,0.03
8476,0.01
8477,0.04
8478,0.07
8479,0.06
8480,0.07
8481,0.0
8482,0.0
8483,0.03
8484,0.09
8485,0.01
8486,0.06
8487,0.1
8488,0.03
8489,0.01
8490,0.04
8491,0.01
8492,0.01
8493,0.05
8494,0.1
8495,0.07
8496,0.0
8497,0.0
8498,0.0
8499,0.04
8500,0.02
8501,0.04
8502,0.0
8503,0.04
8504,0.06
8505,0.0
8506,0.09
8507,0.0
8508,0.01
8509,0.0
8510,0.02
8511,0.0
8512,0.01
8513,0.1
8514,0.02
8515,0.06
8516,0.08
8517,0.03
8518,0.0
8519,0.08
8520,0.07
8521,0.08
8522,0.02
8523,0.04
8524,0.1
8525,0.03
8526,0.01
8527,0.06
8528,0.04
8529,0.0
8530,0.08
8531,0.1
8532,0.0
8533,0.09
8534,0.01
8535,0.06
8536,0.07
8537,0.09
8538,0.0
8539,0.0
8540,0.03
8541,0.08
8542,0.0
8543,0.01
8544,0.1
8545,0.0
8546,0.0
8547,0.01
8548,0.05
8549,0.07
8550,0.01
8551,0.02
8552,0.09
8553,0.04
8554,0.05
8555,0.03
8556,0.0
8557,0.11
8558,0.0
8559,0.01
8560,0.02
8561,0.02
8562,0.12
8563,0.03
8564,0.08
8565,0.01
8566,0.0
8567,0.0
8568,0.07
8569,0.0
8570,0.08
8571,0.15
8572,0.08
8573,0.08
8574,0.09
8575,0.07
8576,0.0
8577,0.01
8578,0.08
8579,0.0
8580,0.01
8581,0.02
8582,0.06
8583,0.1
8584,0.04
8585,0.06
8586,0.1
8587,0.03
8588,0.04
8589,0.11
8590,0.03
8591,0.07
8592,0.01
8593,0.08
8594,0.08
8595,0.0
8596,0.0
8597,0.0
8598,0.09
8599,0.09
8600,0.11
8601,0.06
8602,0.03
8603,0.13
8604,0.04
8605,0.02
8606,0.11
8607,0.01
8608,0.01
8609,0.13
8610,0.08
8611,0.09
8612,0.07
8613,0.1
8614,0.1
8615,0.05
8616,0.03
8617,0.09
8618,0.08
8619,0.01
8620,0.07
8621,0.0
8622,0.02
8623,0.01
8624,0.04
8625,0.04
8626,0.06
8627,0.0
8628,0.08
8629,0.01
8630,0.03
8631,0.01
8632,0.06
8633,0.01
8634,0.03
8635,0.1
8636,0.13
8637,0.01
8638,0.05
8639,0.03
8640,0.08
8641,0.04
8642,0.06
8643,0.08
8644,0.07
8645,0.0
8646,0.03
8647,0.12
8648,0.0
8649,0.0
8650,0.06
8651,0.06
8652,0.01
8653,0.07
8654,0.01
8655,0.02
8656,0.01
8657,0.03
8658,0.09
8659,0.05
8660,0.03
8661,0.02
8662,0.05
8663,0.02
8664,0.0
8665,0.09
8666,0.01
8667,0.06
8668,0.03
8669,0.17
8670,0.02
8671,0.03
8672,0.06
8673,0.05
8674,0.04
8675,0.0
8676,0.01
8677,0.0
8678,0.06
8679,0.08
8680,0.02
8681,0.08
8682,0.07
8683,0.02
8684,0.0
8685,0.03
8686,0.05
8687,0.01
8688,0.02
8689,0.06
8690,0.05
8691,0.08
8692,0.08
8693,0.12
8694,0.02
8695,0.08
8696,0.02
8697,0.08
8698,0.06
8699,0.0
8700,0.07
8701,0.07
8702,0.01
8703,0.05
8704,0.08
8705,0.09
8706,0.02
8707,0.01
8708,0.08
8709,0.07
8710,0.02
8711,0.07
8712,0.01
8713,0.1
8714,0.14
8715,0.05
8716,0.04
8717,0.02
8718,0.02
8719,0.0
8720,0.0
8721,0.01
8722,0.06
8723,0.1
8724,0.0
8725,0.05
8726,0.02
8727,0.02
8728,0.02
8729,0.02
8730,0.03
8731,0.02
8732,0.04
8733,0.0
8734,0.01
8735,0.01
8736,0.12
8737,0.02
8738,0.07
8739,0.03
8740,0.03
8741,0.0
8742,0.02
8743,0.1
8744,0.03
8745,0.08
8746,0.03
8747,0.01
8748,0.02
8749,0.01
8750,0.01
8751,0.05
8752,0.13
8753,0.08
8754,0.07
8755,0.07
8756,0.02
8757,0.08
8758,0.05
8759,0.01
8760,0.08
8761,0.08
8762,0.0
8763,0.01
8764,0.03
8765,0.08
8766,0.01
8767,0.02
8768,0.02
8769,0.04
8770,0.01
8771,0.06
8772,0.05
8773,0.14
8774,0.06
8775,0.04
8776,0.03
8777,0.06
8778,0.02
8779,0.15
8780,0.09
8781,0.02
8782,0.0
8783,0.01
8784,0.01
8785,0.0
8786,0.15
8787,0.11
8788,0.0
8789,0.05
8790,0.0
8791,0.06
8792,0.0
8793,0.03
8794,0.05
8795,0.04
8796,0.08
8797,0.17
8798,0.04
8799,0.05
8800,0.0
8801,0.08
8802,0.0
8803,0.01
8804,0.01
8805,0.02
8806,0.0
8807,0.07
8808,0.01
8809,0.0
8810,0.02
8811,0.02
8812,0.12
8813,0.01
8814,0.02
8815,0.13
8816,0.03
8817,0.03
8818,0.06
8819,0.11
8820,0.02
8821,0.0
8822,0.02
8823,0.0
8824,0.09
8825,0.08
8826,0.02
8827,0.07
8828,0.04
8829,0.01
8830,0.0
8831,0.08
8832,0.04
8833,0.07
8834,0.08
8835,0.03
8836,0.03
8837,0.03
8838,0.03
8839,0.0
8840,0.05
8841,0.1
8842,0.04
8843,0.06
8844,0.03
8845,0.03
8846,0.06
8847,0.03
8848,0.02
8849,0.05
8850,0.08
8851,0.09
8852,0.06
8853,0.11
8854,0.01
8855,0.07
8856,0.07
8857,0.01
8858,0.0
8859,0.03
8860,0.07
8861,0.0
8862,0.12
8863,0.05
8864,0.07
8865,0.05
8866,0.0
8867,0.09
8868,0.03
8869,0.11
8870,0.02
8871,0.09
8872,0.01
8873,0.05
8874,0.02
8875,0.08
8876,0.07
8877,0.0
8878,0.01
8879,0.06
8880,0.01
8881,0.0
8882,0.01
8883,0.07
8884,0.12
8885,0.1
8886,0.1
8887,0.01
8888,0.05
8889,0.09
8890,0.06
8891,0.0
8892,0.09
8893,0.02
8894,0.03
8895,0.02
8896,0.0
8897,0.03
8898,0.02
8899,0.06
8900,0.06
8901,0.09
8902,0.03
8903,0.02
8904,0.01
8905,0.13
8906,0.07
8907,0.0
8908,0.06
8909,0.05
8910,0.04
8911,0.05
8912,0.0
8913,0.1
8914,0.04
8915,0.04
8916,0.0
8917,0.05
8918,0.02
8919,0.14
8920,0.07
8921,0.06
8922,0.06
8923,0.02
8924,0.01
8925,0.01
8926,0.03
8927,0.05
8928,0.12
8929,0.04
8930,0.01
8931,0.03
8932,0.14
8933,0.0
8934,0.01
8935,0.08
8936,0.05
8937,0.05
8938,0.05
8939,0.1
8940,0.04
8941,0.14
8942,0.01
8943,0.08
8944,0.0
8945,0.0
8946,0.02
8947,0.15
8948,0.0
8949,0.07
8950,0.02
8951,0.05
8952,0.0
8953,0.01
8954,0.05
8955,0.03
8956,0.09
8957,0.09
8958,0.03
8959,0.1
8960,0.06
8961,0.13
8962,0.0
8963,0.02
8964,0.01
8965,0.01
8966,0.04
8967,0.05
8968,0.01
8969,0.02
8970,0.0
8971,0.06
8972,0.0
8973,0.01
8974,0.01
8975,0.04
8976,0.06
8977,0.06
8978,0.07
8979,0.09
8980,0.06
8981,0.08
8982,0.0
8983,0.01
8984,0.0
8985,0.02
8986,0.01
8987,0.04
8988,0.05
8989,0.07
8990,0.05
8991,0.0
8992,0.06
8993,0.06
8994,0.0
8995,0.0
8996,0.01
8997,0.06
8998,0.04
8999,0.06
9000,0.0
9001,0.04
9002,0.01
9003,0.05
9004,0.06
9005,0.0
9006,0.04
9007,0.01
9008,0.04
9009,0.15
9010,0.03
9011,0.08
9012,0.01
9013,0.0
9014,0.06
9015,0.05
9016,0.07
9017,0.07
9018,0.01
9019,0.09
9020,0.01
9021,0.03
9022,0.01
9023,0.04
9024,0.0
9025,0.02
9026,0.06
9027,0.02
9028,0.08
9029,0.11
9030,0.01
9031,0.02
9032,0.06
9033,0.01
9034,0.01
9035,0.02
9036,0.03
9037,0.08
9038,0.03
9039,0.07
9040,0.01
9041,0.01
9042,0.04
9043,0.05
9044,0.06
9045,0.08
9046,0.03
9047,0.01
9048,0.12
9049,0.05
9050,0.0
9051,0.01
9052,0.01
9053,0.07
9054,0.1
9055,0.01
9056,0.04
9057,0.04
9058,0.05
9059,0.07
9060,0.03
9061,0.02
9062,0.06
9063,0.02
9064,0.0
9065,0.05
9066,0.03
9067,0.1
9068,0.07
9069,0.02
9070,0.0
9071,0.09
9072,0.12
9073,0.08
9074,0.03
9075,0.04
9076,0.09
9077,0.01
9078,0.0
9079,0.06
9080,0.0
9081,0.05
9082,0.06
9083,0.02
9084,0.0
9085,0.12
9086,0.01
9087,0.08
9088,0.01
9089,0.06
9090,0.07
9091,0.04
9092,0.06
9093,0.08
9094,0.01
9095,0.03
9096,0.08
9097,0.06
9098,0.0
9099,0.01
9100,0.03
9101,0.06
9102,0.03
9103,0.12
9104,0.03
9105,0.01
9106,0.06
9107,0.02
9108,0.04
9109,0.07
9110,0.06
9111,0.05
9112,0.02
9113,0.09
9114,0.06
9115,0.09
9116,0.03
9117,0.0
9118,0.05
9119,0.08
9120,0.05
9121,0.04
9122,0.05
9123,0.01
9124,0.06
9125,0.02
9126,0.07
9127,0.02
9128,0.05
9129,0.03
9130,0.01
9131,0.0
9132,0.02
9133,0.12
9134,0.08
9135,0.09
9136,0.04
9137,0.07
9138,0.04
9139,0.1
9140,0.02
9141,0.04
9142,0.05
9143,0.07
9144,0.02
9145,0.01
9146,0.0
9147,0.03
9148,0.0
9149,0.1
9150,0.07
9151,0.02
9152,0.02
9153,0.04
9154,0.01
9155,0.06
9156,0.04
9157,0.01
9158,0.0
9159,0.02
9160,0.09
9161,0.05
9162,0.03
9163,0.0
9164,0.03
9165,0.01
9166,0.01
9167,0.15
9168,0.0
9169,0.01
9170,0.05
9171,0.05
9172,0.03
9173,0.08
9174,0.05
9175,0.01
9176,0.05
9177,0.04
9178,0.09
9179,0.01
9180,0.14
9181,0.04
9182,0.02
9183,0.0
9184,0.02
9185,0.02
9186,0.11
9187,0.08
9188,0.02
9189,0.0
9190,0.0
9191,0.05
9192,0.07
9193,0.02
9194,0.08
9195,0.02
9196,0.0
9197,0.04
9198,0.0
9199,0.09
9200,0.05
9201,0.06
9202,0.03
9203,0.07
9204,0.07
9205,0.08
9206,0.0
9207,0.01
9208,0.02
9209,0.0
9210,0.01
9211,0.02
9212,0.03
9213,0.17
9214,0.09
9215,0.02
9216,0.04
9217,0.02
9218,0.07
9219,0.0
9220,0.1
9221,0.06
9222,0.0
9223,0.11
9224,0.06
9225,0.01
9226,0.01
9227,0.0
9228,0.18
9229,0.02
9230,0.01
9231,0.07
9232,0.02
9233,0.02
9234,0.06
9235,0.08
9236,0.01
9237,0.1
9238,0.08
9239,0.03
9240,0.05
9241,0.03
9242,0.03
9243,0.1
9244,0.09
9245,0.04
9246,0.1
9247,0.08
9248,0.06
9249,0.04
9250,0.05
9251,0.1
9252,0.06
9253,0.01
9254,0.03
9255,0.0
9256,0.05
9257,0.06
9258,0.03
9259,0.02
9260,0.04
9261,0.08
9262,0.14
9263,0.07
9264,0.09
9265,0.15
9266,0.04
9267,0.01
9268,0.0
9269,0.0
9270,0.06
9271,0.0
9272,0.01
9273,0.1
9274,0.02
9275,0.08
9276,0.07
9277,0.03
9278,0.06
9279,0.04
9280,0.03
9281,0.06
9282,0.1
9283,0.04
9284,0.04
9285,0.01
9286,0.05
9287,0.0
9288,0.0
9289,0.07
9290,0.03
9291,0.07
9292,0.02
9293,0.0
9294,0.01
9295,0.03
9296,0.09
9297,0.06
9298,0.0
9299,0.08
9300,0.06
9301,0.0
9302,0.04
9303,0.04
9304,0.01
9305,0.04
9306,0.05
9307,0.08
9308,0.06
9309,0.16
9310,0.06
9311,0.0
9312,0.07
9313,0.03
9314,0.01
9315,0.0
9316,0.12
9317,0.0
9318,0.07
9319,0.03
9320,0.06
9321,0.03
9322,0.09
9323,0.01
9324,0.04
9325,0.08
9326,0.08
9327,0.08
9328,0.07
9329,0.03
9330,0.01
9331,0.05
9332,0.0
9333,0.06
9334,0.02
9335,0.07
9336,0.08
9337,0.15
9338,0.01
9339,0.09
9340,0.0
9341,0.0
9342,0.02
9343,0.08
9344,0.07
9345,0.06
9346,0.0
9347,0.0
9348,0.0
9349,0.02
9350,0.15
9351,0.02
9352,0.0
9353,0.04
9354,0.08
9355,0.01
9356,0.03
9357,0.03
9358,0.01
9359,0.05
9360,0.01
9361,0.01
9362,0.0
9363,0.03
9364,0.02
9365,0.14
9366,0.04
9367,0.04
9368,0.05
9369,0.12
9370,0.03
9371,0.01
9372,0.06
9373,0.03
9374,0.04
9375,0.08
9376,0.06
9377,0.01
9378,0.02
9379,0.01
9380,0.09
9381,0.13
9382,0.02
9383,0.0
9384,0.06
9385,0.02
9386,0.0
9387,0.1
9388,0.09
9389,0.02
9390,0.01
9391,0.03
9392,0.05
9393,0.01
9394,0.03
9395,0.08
9396,0.08
9397,0.06
9398,0.12
9399,0.07
9400,0.04
9401,0.1
9402,0.02
9403,0.0
9404,0.0
9405,0.07
9406,0.05
9407,0.08
9408,0.05
9409,0.0
9410,0.02
9411,0.04
9412,0.0
9413,0.1
9414,0.01
9415,0.06
9416,0.02
9417,0.01
9418,0.02
9419,0.13
9420,0.02
9421,0.04
9422,0.0
9423,0.01
9424,0.05
9425,0.03
9426,0.07
9427,0.04
9428,0.16
9429,0.08
9430,0.0
9431,0.07
9432,0.03
9433,0.11
9434,0.08
9435,0.11
9436,0.03
9437,0.03
9438,0.11
9439,0.03
9440,0.08
9441,0.08
9442,0.02
9443,0.07
9444,0.09
9445,0.14
9446,0.11
9447,0.1
9448,0.01
9449,0.0
9450,0.05
9451,0.09
9452,0.0
9453,0.08
9454,0.05
9455,0.06
9456,0.09
9457,0.05
9458,0.01
9459,0.01
9460,0.04
9461,0.03
9462,0.06
9463,0.04
9464,0.08
9465,0.04
9466,0.04
9467,0.04
9468,0.01
9469,0.0
9470,0.02
9471,0.03
9472,0.09
9473,0.1
9474,0.03
9475,0.03
9476,0.05
9477,0.08
9478,0.0
9479,0.11
9480,0.0
9481,0.02
9482,0.01
9483,0.01
9484,0.02
9485,0.01
9486,0.01
9487,0.09
9488,0.09
9489,0.11
9490,0.07
9491,0.03
9492,0.08
9493,0.09
9494,0.0
9495,0.05
9496,0.02
9497,0.05
9498,0.0
9499,0.01
9500,0.09
9501,0.0
9502,0.0
9503,0.1
9504,0.08
9505,0.09
9506,0.03
9507,0.04
9508,0.03
9509,0.08
9510,0.02
9511,0.05
9512,0.03
9513,0.02
9514,0.06
9515,0.08
9516,0.04
9517,0.07
9518,0.03
9519,0.04
9520,0.05
9521,0.01
9522,0.08
9523,0.0
9524,0.1
9525,0.13
9526,0.02
9527,0.0
9528,0.07
9529,0.06
9530,0.03
9531,0.04
9532,0.0
9533,0.05
9534,0.08
9535,0.05
9536,0.11
9537,0.01
9538,0.0
9539,0.03
9540,0.01
9541,0.1
9542,0.06
9543,0.15
9544,0.0
9545,0.01
9546,0.04
9547,0.08
9548,0.02
9549,0.09
9550,0.02
9551,0.02
9552,0.11
9553,0.05
9554,0.06
9555,0.03
9556,0.05
9557,0.11
9558,0.0
9559,0.0
9560,0.0
9561,0.03
9562,0.0
9563,0.08
9564,0.1
9565,0.06
9566,0.05
9567,0.08
9568,0.02
9569,0.14
9570,0.01
9571,0.0
9572,0.03
9573,0.14
9574,0.04
9575,0.06
9576,0.02
9577,0.04
9578,0.05
9579,0.03
9580,0.04
9581,0.09
9582,0.05
9583,0.05
9584,0.06
9585,0.01
9586,0.01
9587,0.12
9588,0.04
9589,0.09
9590,0.15
9591,0.01
9592,0.05
9593,0.03
9594,0.01
9595,0.04
9596,0.02
9597,0.08
9598,0.05
9599,0.02
9600,0.04
9601,0.03
9602,0.05
9603,0.06
9604,0.09
9605,0.03
9606,0.04
9607,0.0
9608,0.03
9609,0.03
9610,0.08
9611,0.01
9612,0.13
9613,0.04
9614,0.07
9615,0.01
9616,0.01
9617,0.01
9618,0.09
9619,0.01
9620,0.07
9621,0.03
9622,0.05
9623,0.05
9624,0.04
9625,0.04
9626,0.0
9627,0.06
9628,0.04
9629,0.11
9630,0.1
9631,0.05
9632,0.03
9633,0.01
9634,0.03
9635,0.03
9636,0.08
9637,0.08
9638,0.05
9639,0.02
9640,0.1
9641,0.0
9642,0.06
9643,0.02
9644,0.01
9645,0.02
9646,0.0
9647,0.06
9648,0.13
9649,0.03
9650,0.02
9651,0.02
9652,0.0
9653,0.11
9654,0.12
9655,0.01
9656,0.04
9657,0.04
9658,0.03
9659,0.0
9660,0.03
9661,0.06
9662,0.14
9663,0.04
9664,0.02
9665,0.06
9666,0.09
9667,0.07
9668,0.03
9669,0.03
9670,0.03
9671,0.03
9672,0.0
9673,0.04
9674,0.04
9675,0.03
9676,0.02
9677,0.0
9678,0.0
9679,0.02
9680,0.07
9681,0.0
9682,0.0
9683,0.05
9684,0.06
9685,0.1
9686,0.04
9687,0.09
9688,0.06
9689,0.12
9690,0.0
9691,0.16
9692,0.06
9693,0.02
9694,0.1
9695,0.03
9696,0.07
9697,0.02
9698,0.09
9699,0.0
9700,0.13
9701,0.0
9702,0.0
9703,0.0
9704,0.09
9705,0.0
9706,0.0
9707,0.05
9708,0.0
9709,0.04
9710,0.06
9711,0.08
9712,0.03
9713,0.01
9714,0.03
9715,0.03
9716,0.07
9717,0.09
9718,0.08
9719,0.08
9720,0.03
9721,0.02
9722,0.0
9723,0.09
9724,0.0
9725,0.1
9726,0.08
9727,0.1
9728,0.06
9729,0.04
9730,0.08
9731,0.07
9732,0.12
9733,0.11
9734,0.04
9735,0.0
9736,0.09
9737,0.03
9738,0.0
9739,0.06
9740,0.08
9741,0.01
9742,0.01
9743,0.09
9744,0.0
9745,0.05
9746,0.04
9747,0.08
9748,0.04
9749,0.09
9750,0.0
9751,0.0
9752,0.08
9753,0.08
9754,0.06
9755,0.01
9756,0.02
9757,0.05
9758,0.08
9759,0.09
9760,0.1
9761,0.07
9762,0.02
9763,0.05
9764,0.0
9765,0.09
9766,0.03
9767,0.07
9768,0.04
9769,0.02
9770,0.11
9771,0.02
9772,0.04
9773,0.07
9774,0.16
9775,0.01
9776,0.05
9777,0.03
9778,0.01
9779,0.14
9780,0.03
9781,0.0
9782,0.05
9783,0.03
9784,0.01
9785,0.02
9786,0.06
9787,0.01
9788,0.02
9789,0.04
9790,0.05
9791,0.06
9792,0.1
9793,0.03
9794,0.03
9795,0.06
9796,0.03
9797,0.02
9798,0.07
9799,0.09
9800,0.0
9801,0.04
9802,0.0
9803,0.03
9804,0.04
9805,0.11
9806,0.01
9807,0.13
9808,0.16
9809,0.0
9810,0.1
9811,0.12
9812,0.0
9813,0.01
9814,0.04
9815,0.04
9816,0.0
9817,0.08
9818,0.09
9819,0.02
9820,0.01
9821,0.0
9822,0.02
9823,0.0
9824,0.01
9825,0.07
9826,0.07
9827,0.05
9828,0.09
9829,0.02
9830,0.0
9831,0.02
9832,0.03
9833,0.0
9834,0.02
9835,0.09
9836,0.0
9837,0.02
9838,0.03
9839,0.0
9840,0.02
9841,0.02
9842,0.08
9843,0.08
9844,0.08
9845,0.0
9846,0.03
9847,0.04
9848,0.03
9849,0.0
9850,0.07
9851,0.02
9852,0.02
9853,0.02
9854,0.06
9855,0.05
9856,0.04
9857,0.04
9858,0.07
9859,0.04
9860,0.02
9861,0.04
9862,0.02
9863,0.0
9864,0.1
9865,0.01
9866,0.09
9867,0.07
9868,0.02
9869,0.0
9870,0.01
9871,0.0
9872,0.02
9873,0.04
9874,0.1
9875,0.06
9876,0.1
9877,0.04
9878,0.03
9879,0.0
9880,0.0
9881,0.05
9882,0.01
9883,0.08
9884,0.13
9885,0.12
9886,0.12
9887,0.04
9888,0.1
9889,0.05
9890,0.06
9891,0.01
9892,0.03
9893,0.07
9894,0.07
9895,0.08
9896,0.02
9897,0.05
9898,0.03
9899,0.0
9900,0.06
9901,0.05
9902,0.04
9903,0.05
9904,0.09
9905,0.01
9906,0.05
9907,0.04
9908,0.05
9909,0.02
9910,0.03
9911,0.12
9912,0.02
9913,0.06
9914,0.11
9915,0.11
9916,0.06
9917,0.11
9918,0.09
9919,0.01
9920,0.05
9921,0.03
9922,0.03
9923,0.02
9924,0.01
9925,0.02
9926,0.07
9927,0.04
9928,0.02
9929,0.06
9930,0.13
9931,0.05
9932,0.02
9933,0.02
9934,0.02
9935,0.04
9936,0.04
9937,0.1
9938,0.01
9939,0.0
9940,0.02
9941,0.12
9942,0.0
9943,0.0
9944,0.11
9945,0.05
9946,0.07
9947,0.05
9948,0.05
9949,0.03
9950,0.01
9951,0.01
9952,0.06
9953,0.03
9954,0.03
9955,0.11
9956,0.09
9957,0.07
9958,0.04
9959,0.06
9960,0.0
9961,0.06
9962,0.11
9963,0.09
9964,0.11
9965,0.04
9966,0.01
9967,0.06
9968,0.04
9969,0.01
9970,0.02
9971,0.03
9972,0.1
9973,0.08
9974,0.08
9975,0.08
9976,0.04
9977,0.05
9978,0.06
9979,0.08
9980,0.09
9981,0.09
9982,0.07
9983,0.04
9984,0.0
9985,0.05
9986,0.04
9987,0.05
9988,0.08
9989,0.06
9990,0.03
9991,0.0
9992,0.11
9993,0.03
9994,0.01
9995,0.05
9996,0.01
9997,0.04
9998,0.07
9999,0.0
